apellido,nombre,nombre_completo,seleccion,fecha_nacimiento,posicion,url_ficha
Ubina,Luis,"Ubina, Luis",Uruguay,7 de junio de 1940,Defensor,https://www.losmundialesdefutbol.com/jugadores/luis_ubina.php
Uche,Kalu,"Uche, Kalu",Nigeria,15 de noviembre de 1982,Mediocampista,https://www.losmundialesdefutbol.com/jugadores/kalu_uche.php
Uchebo,Michael,"Uchebo, Michael",Nigeria,3 de febrero de 1990,Delantero,https://www.losmundialesdefutbol.com/jugadores/michael_uchebo.php
Uchida,Atsuto,"Uchida, Atsuto",Japón,27 de marzo de 1988,Defensor,https://www.losmundialesdefutbol.com/jugadores/atsuto_uchida.php
Udeze,Ifeanyi,"Udeze, Ifeanyi",Nigeria,21 de julio de 1980,Defensor,https://www.losmundialesdefutbol.com/jugadores/ifeanyi_udeze.php
Ueda,Ayase,"Ueda, Ayase",Japón,28 de agosto de 1998,Delantero,https://www.losmundialesdefutbol.com/jugadores/ayase_ueda.php
Ueda,Naomichi,Naomichi Ueda,Japón,24 de octubre de 1994,Defensor,https://www.losmundialesdefutbol.com/jugadores/naomichi_ueda.php
Ufarte,Jose,"Ufarte, Jose",España,17 de mayo de 1941,Delantero,https://www.losmundialesdefutbol.com/jugadores/jose_ufarte.php
Ugarte,Manuel,"Ugarte, Manuel",Uruguay,11 de abril de 2001,Mediocampista,https://www.losmundialesdefutbol.com/jugadores/manuel_ugarte.php
Ugarte,Victor,"Ugarte, Victor",Bolivia,5 de mayo de 1926,Delantero,https://www.losmundialesdefutbol.com/jugadores/victor_ugarte.php
Ugbo,Ike,Iké Dominique Ugbo,Canadá,21 de septiembre de 1998,Delantero,https://www.losmundialesdefutbol.com/jugadores/ike_ugbo.php
Ujfalusi,Tomas,"Ujfalusi, Tomas",República Checa,24 de marzo de 1978,Defensor,https://www.losmundialesdefutbol.com/jugadores/tomas_ujfalusi.php
Umaña,Michael,"Umaña, Michael",Costa Rica,16 de julio de 1982,Defensor,https://www.losmundialesdefutbol.com/jugadores/michael_umana.php
Umtiti,Samuel,Samuel Yves Umtiti,Francia,14 de noviembre de 1993,Defensor,https://www.losmundialesdefutbol.com/jugadores/samuel_umtiti.php
Unger,Sven,"Unger, Sven",Suecia,,Delantero,https://www.losmundialesdefutbol.com/jugadores/sven_unger.php
Unsal,Hakan,"Unsal, Hakan",Turquía,14 de mayo de 1973,Defensor,https://www.losmundialesdefutbol.com/jugadores/hakan_unsal.php
Unzain,Leongino,"Unzain, Leongino",Paraguay,16 de mayo de 1925,Delantero,https://www.losmundialesdefutbol.com/jugadores/leongino_unzain.php
Upamecano,Dayot,"Upamecano, Dayot",Francia,27 de octubre de 1998,Defensor,https://www.losmundialesdefutbol.com/jugadores/dayot_upamecano.php
Uprichard,Norman,"Uprichard, Norman",Irlanda del Norte,20 de abril de 1928,Arquero,https://www.losmundialesdefutbol.com/jugadores/norman_uprichard.php
Upson,Matt,"Upson, Matt",Inglaterra,18 de abril de 1979,Defensor,https://www.losmundialesdefutbol.com/jugadores/matt_upson.php
Uralde,Pedro,"Uralde, Pedro",España,2 de marzo de 1958,Delantero,https://www.losmundialesdefutbol.com/jugadores/pedro_uralde.php
Urban,Jan,"Urban, Jan",Polonia,14 de mayo de 1962,Delantero,https://www.losmundialesdefutbol.com/jugadores/jan_urban.php
Urbanek,Hans,"Urbanek, Hans",Austria,10 de octubre de 1910,Mediocampista,https://www.losmundialesdefutbol.com/jugadores/hans_urbanek.php
Urbieta Sosa,Costantino,"Urbieta Sosa, Costantino",Argentina,12 de agosto de 1907,Mediocampista,https://www.losmundialesdefutbol.com/jugadores/costantino_urbieta_sosa.php
Urdinaran,Santos,"Urdinaran, Santos",Uruguay,30 de marzo de 1900,Delantero,https://www.losmundialesdefutbol.com/jugadores/santos_urdinaran.php
Ureña,Marco,Marco Danilo Ureña Porras,Costa Rica,5 de marzo de 1990,Delantero,https://www.losmundialesdefutbol.com/jugadores/marcos_urena.php
Uria,Francisco,"Uria, Francisco",España,1 de febrero de 1950,Defensor,https://www.losmundialesdefutbol.com/jugadores/francisco_uria.php
Uribe,Julio Cesar,"Uribe, Julio Cesar",Perú,9 de mayo de 1958,Mediocampista,https://www.losmundialesdefutbol.com/jugadores/julio_cesar_uribe.php
Uribe,Mateus,Andrés Mateus Uribe Villa,Colombia,21 de marzo de 1991,Mediocampista,https://www.losmundialesdefutbol.com/jugadores/mateus_uribe.php
Urquiaga,Santiago,"Urquiaga, Santiago",España,14 de abril de 1958,Defensor,https://www.losmundialesdefutbol.com/jugadores/santiago_urquiaga.php
Urretaviscaya,Jonathan,Jonathan Matías Urretaviscaya da Luz,Uruguay,19 de marzo de 1990,Mediocampista,https://www.losmundialesdefutbol.com/jugadores/jonathan_urretaviscaya.php
Urroz,Francisco,"Urroz, Francisco",Chile,,Defensor,https://www.losmundialesdefutbol.com/jugadores/francisco_urroz.php
Urrutia,Patricio,"Urrutia, Patricio",Ecuador,15 de octubre de 1977,Mediocampista,https://www.losmundialesdefutbol.com/jugadores/patricio_urrutia.php
Urruticoechea,Francisco,"Urruticoechea, Francisco",España,17 de febrero de 1952,Arquero,https://www.losmundialesdefutbol.com/jugadores/francisco_urruticoechea.php
Urruzmendi,Jose,"Urruzmendi, Jose",Uruguay,25 de agosto de 1944,Delantero,https://www.losmundialesdefutbol.com/jugadores/jose_urruzmendi.php
Usami,Takashi,Takashi Usami,Japón,6 de abril de 1992,Mediocampista,https://www.losmundialesdefutbol.com/jugadores/takashi_usami.php
Ustari,Oscar,"Ustari, Oscar",Argentina,3 de julio de 1986,Arquero,https://www.losmundialesdefutbol.com/jugadores/oscar_ustari.php
Utaka,John,"Utaka, John",Nigeria,8 de enero de 1982,Delantero,https://www.losmundialesdefutbol.com/jugadores/john_utaka.php
Utjesenovic,Doug,"Utjesenovic, Doug",Australia,8 de octubre de 1946,Defensor,https://www.losmundialesdefutbol.com/jugadores/doug_utjesenovic.php
Uvarov,Aleksandr,"Uvarov, Aleksandr",URSS,13 de enero de 1960,Arquero,https://www.losmundialesdefutbol.com/jugadores/aleksandr_uvarov.php
Uzoenyi,Ejike,"Uzoenyi, Ejike",Nigeria,23 de marzo de 1988,Mediocampista,https://www.losmundialesdefutbol.com/jugadores/ejike_uzoenyi.php
Uzoho,Francis,Francis Odinaka Uzoho,Nigeria,28 de octubre de 1998,Arquero,https://www.losmundialesdefutbol.com/jugadores/francis_uzoho.php
Vago,Jozsef,"Vago, Jozsef",Hungría,1 de enero de 1906,Defensor,https://www.losmundialesdefutbol.com/jugadores/jozsef_vago.php
Vairo,Federico,"Vairo, Federico",Argentina,27 de enero de 1930,Defensor,https://www.losmundialesdefutbol.com/jugadores/federico_vairo.php
Valbuena,Mathieu,"Valbuena, Mathieu",Francia,28 de septiembre de 1984,Delantero,https://www.losmundialesdefutbol.com/jugadores/mathieu_valbuena.php
Valckx,Stan,"Valckx, Stan",Paises Bajos,20 de octubre de 1963,Defensor,https://www.losmundialesdefutbol.com/jugadores/stan_valckx.php
Valdano,Jorge,"Valdano, Jorge",Argentina,4 de octubre de 1955,Delantero,https://www.losmundialesdefutbol.com/jugadores/jorge_valdano.php
Valderrama,Carlos,Carlos Alberto Valderrama Palacio,Colombia,2 de septiembre de 1961,Mediocampista,https://www.losmundialesdefutbol.com/jugadores/carlos_valderrama.php
Valdés,Carlos,"Valdés, Carlos",Colombia,22 de mayo de 1985,Defensor,https://www.losmundialesdefutbol.com/jugadores/carlos_valdes.php
Valdes,Francisco,"Valdes, Francisco",Chile,19 de marzo de 1943,"Mediocampista, Delantero",https://www.losmundialesdefutbol.com/jugadores/francisco_valdes.php
Valdes,Sergio,"Valdes, Sergio",Chile,22 de junio de 1935,Defensor,https://www.losmundialesdefutbol.com/jugadores/sergio_valdes.php
Valdes,Victor,"Valdes, Victor",España,14 de enero de 1982,Arquero,https://www.losmundialesdefutbol.com/jugadores/victor_valdes.php
Valdez,Luis,"Valdez, Luis",México,1 de julio de 1965,Delantero,https://www.losmundialesdefutbol.com/jugadores/luis_valdez.php
Valdez,Nelson,"Valdez, Nelson",Paraguay,28 de noviembre de 1983,Delantero,https://www.losmundialesdefutbol.com/jugadores/nelson_valdez.php
Valdivia,Javier,"Valdivia, Javier",México,4 de diciembre de 1941,Delantero,https://www.losmundialesdefutbol.com/jugadores/javier_valdivia.php
Valdivia,Jorge,"Valdivia, Jorge",Chile,19 de octubre de 1983,Mediocampista,https://www.losmundialesdefutbol.com/jugadores/jorge_valdivia.php
Valdivieso,Juan,"Valdivieso, Juan",Perú,6 de mayo de 1910,Arquero,https://www.losmundialesdefutbol.com/jugadores/juan_valdivieso.php
,Valdo,Valdo,Brasil,12 de enero de 1964,Mediocampista,https://www.losmundialesdefutbol.com/jugadores/valdo.php
,Valdomiro,Valdomiro,Brasil,17 de febrero de 1946,Delantero,https://www.losmundialesdefutbol.com/jugadores/valdomiro.php
Valencia,Adolfo,"Valencia, Adolfo",Colombia,6 de febrero de 1968,Delantero,https://www.losmundialesdefutbol.com/jugadores/adolfo_valencia.php
Valencia,Antonio,"Valencia, Antonio",Bolivia,5 de mayo de 1925,Mediocampista,https://www.losmundialesdefutbol.com/jugadores/antonio_valencia.php
Valencia,Antonio,Luis Antonio Valencia,Ecuador,4 de agosto de 1985,Mediocampista,https://www.losmundialesdefutbol.com/jugadores/luis_antonio_valencia.php
Valencia,Enner,"Valencia, Enner",Ecuador,4 de noviembre de 1989,Delantero,https://www.losmundialesdefutbol.com/jugadores/enner_valencia.php
Valencia,Jose,"Valencia, Jose",Argentina,3 de octubre de 1955,"Delantero, Mediocampista",https://www.losmundialesdefutbol.com/jugadores/jose_valencia.php
Valenciano,Ivan,"Valenciano, Ivan",Colombia,18 de marzo de 1972,Delantero,https://www.losmundialesdefutbol.com/jugadores/ivan_valenciano.php
Valentine,Carl,"Valentine, Carl",Canadá,4 de julio de 1958,Delantero,https://www.losmundialesdefutbol.com/jugadores/carl_valentine.php
Valentini,Alberto,"Valentini, Alberto",Chile,25 de noviembre de 1938,Defensor,https://www.losmundialesdefutbol.com/jugadores/alberto_valentini.php
Valenzuela,Rene,"Valenzuela, Rene",Chile,20 de abril de 1955,Defensor,https://www.losmundialesdefutbol.com/jugadores/rene_valenzuela.php
Valeri,Carl,"Valeri, Carl",Australia,14 de agosto de 1984,Mediocampista,https://www.losmundialesdefutbol.com/jugadores/carl_valeri.php
Valeron,Juan Carlos,"Valeron, Juan Carlos",España,17 de junio de 1975,Mediocampista,https://www.losmundialesdefutbol.com/jugadores/juan_carlos_valeron.php
Vallach,Johanan,"Vallach, Johanan",Israel,14 de mayo de 1945,Defensor,https://www.losmundialesdefutbol.com/jugadores/johanan_vallach.php
Valladares,Noel,"Valladares, Noel",Honduras,3 de mayo de 1977,Arquero,https://www.losmundialesdefutbol.com/jugadores/noel_valladares.php
Valle,Juan Alfonso,"Valle, Juan Alfonso",Perú,1 de enero de 1905,Mediocampista,https://www.losmundialesdefutbol.com/jugadores/juan_alfonso_valle.php
Vallejos,Daniel,"Vallejos, Daniel",Costa Rica,27 de mayo de 1981,Mediocampista,https://www.losmundialesdefutbol.com/jugadores/daniel_vallejos.php
Vallejos,Leopoldo,"Vallejos, Leopoldo",Chile,16 de julio de 1944,Arquero,https://www.losmundialesdefutbol.com/jugadores/leopoldo_vallejos.php
Valov,Ilia,"Valov, Ilia",Bulgaria,29 de diciembre de 1961,Arquero,https://www.losmundialesdefutbol.com/jugadores/ilia_valov.php
Valverde,Federico,Federico Santiago Valverde Dipetta,Uruguay,22 de julio de 1998,Mediocampista,https://www.losmundialesdefutbol.com/jugadores/federico_valverde.php
,Vampeta,Vampeta,Brasil,13 de marzo de 1974,Mediocampista,https://www.losmundialesdefutbol.com/jugadores/vampeta.php
Van 'T Schip,Johnny,"Van 'T Schip, Johnny",Paises Bajos,30 de diciembre de 1963,Mediocampista,https://www.losmundialesdefutbol.com/jugadores/johnny_van_t_schip.php
Van Aerle,Berry,"Van Aerle, Berry",Paises Bajos,8 de diciembre de 1962,Defensor,https://www.losmundialesdefutbol.com/jugadores/berry_van_aerle.php
Van Alphen,John,"Van Alphen, John",Bélgica,17 de junio de 1914,Mediocampista,https://www.losmundialesdefutbol.com/jugadores/john_van_alphen.php
Van Basten,Marco,"Van Basten, Marco",Paises Bajos,31 de octubre de 1964,Delantero,https://www.losmundialesdefutbol.com/jugadores/marco_van_basten.php
Van Bommel,Mark,"Van Bommel, Mark",Paises Bajos,22 de abril de 1977,Mediocampista,https://www.losmundialesdefutbol.com/jugadores/mark_van_bommel.php
Van Brandt,Alfons,"Van Brandt, Alfons",Bélgica,24 de junio de 1927,Defensor,https://www.losmundialesdefutbol.com/jugadores/alfons_van_brandt.php
Van Breukelen,Hans,"Van Breukelen, Hans",Paises Bajos,4 de octubre de 1956,Arquero,https://www.losmundialesdefutbol.com/jugadores/hans_van_breukelen.php
Van Bronckhorst,Giovanni,"Van Bronckhorst, Giovanni",Paises Bajos,5 de febrero de 1975,"Defensor, Mediocampista",https://www.losmundialesdefutbol.com/jugadores/giovanni_van_bronckhorst.php
van Buyten,Daniel,"van Buyten, Daniel",Bélgica,7 de febrero de 1978,Defensor,https://www.losmundialesdefutbol.com/jugadores/daniel_van_buyten.php
Van De Kerkhof,Rene,"Van De Kerkhof, Rene",Paises Bajos,16 de septiembre de 1951,Delantero,https://www.losmundialesdefutbol.com/jugadores/rene_van_de_kerkhof.php
Van De Kerkhof,Willy,"Van De Kerkhof, Willy",Paises Bajos,16 de septiembre de 1951,Mediocampista,https://www.losmundialesdefutbol.com/jugadores/willy_van_de_kerkhof.php
Van Den Bosch,Pieter,"Van Den Bosch, Pieter",Bélgica,31 de octubre de 1927,Delantero,https://www.losmundialesdefutbol.com/jugadores/pieter_van_den_bosch.php
Van Den Bosch,Poly,"Van Den Bosch, Poly",Bélgica,30 de abril de 1926,Delantero,https://www.losmundialesdefutbol.com/jugadores/poly_van_den_bosch.php
Van Den Burgh,G.,"Van Den Burgh, G.",Indias Orientales Holand.,,Defensor,https://www.losmundialesdefutbol.com/jugadores/g_van_den_burgh.php
Van Den Daele,Erwin,"Van Den Daele, Erwin",Bélgica,5 de marzo de 1945,Mediocampista,https://www.losmundialesdefutbol.com/jugadores/erwin_van_den_daele.php
Van Der Elst,Francois,"Van Der Elst, Francois",Bélgica,1 de diciembre de 1954,Delantero,https://www.losmundialesdefutbol.com/jugadores/francois_van_der_elst.php
Van Der Elst,Franky,"Van Der Elst, Franky",Bélgica,30 de abril de 1961,"Defensor, Mediocampista",https://www.losmundialesdefutbol.com/jugadores/franky_van_der_elst.php
Van Der Elst,Leo,"Van Der Elst, Leo",Bélgica,7 de enero de 1962,Mediocampista,https://www.losmundialesdefutbol.com/jugadores/leo_van_der_elst.php
Van Der Heyden,Peter,"Van Der Heyden, Peter",Bélgica,16 de julio de 1976,Defensor,https://www.losmundialesdefutbol.com/jugadores/peter_van_der_heyden.php
Van Der Heyden,Stephane,"Van Der Heyden, Stephane",Bélgica,3 de julio de 1969,Mediocampista,https://www.losmundialesdefutbol.com/jugadores/stephane_van_der_heyden.php
Van Der Linden,Jeff,"Van Der Linden, Jeff",Bélgica,2 de noviembre de 1927,Defensor,https://www.losmundialesdefutbol.com/jugadores/jeff_van_der_linden.php
Van Der Linden,Marc,"Van Der Linden, Marc",Bélgica,4 de febrero de 1964,Delantero,https://www.losmundialesdefutbol.com/jugadores/marc_van_der_linden.php
Van Der Meulen,Gejus,"Van Der Meulen, Gejus",Paises Bajos,23 de enero de 1903,Arquero,https://www.losmundialesdefutbol.com/jugadores/gejus_van_der_meulen.php
Van Der Sar,Edwin,"Van Der Sar, Edwin",Paises Bajos,29 de octubre de 1970,Arquero,https://www.losmundialesdefutbol.com/jugadores/edwin_van_der_sar.php
Van Der Vaart,Rafael,"Van Der Vaart, Rafael",Paises Bajos,11 de febrero de 1983,Mediocampista,https://www.losmundialesdefutbol.com/jugadores/rafael_van_der_vaart.php
Van Der Veen,Frans,"Van Der Veen, Frans",Paises Bajos,25 de marzo de 1919,Delantero,https://www.losmundialesdefutbol.com/jugadores/frans_van_der_veen.php
Van Der Wiel,Gregory,"Van Der Wiel, Gregory",Paises Bajos,3 de febrero de 1988,Defensor,https://www.losmundialesdefutbol.com/jugadores/gregory_van_der_wiel.php
Van Diepenbeek,Jan,"Van Diepenbeek, Jan",Paises Bajos,5 de agosto de 1903,Defensor,https://www.losmundialesdefutbol.com/jugadores/jan_van_diepenbeek.php
Van Dijk,Virgil,Virgil van Dijk,Paises Bajos,8 de julio de 1991,Defensor,https://www.losmundialesdefutbol.com/jugadores/virgil_van_dijk.php
Van Gobbel,Ulrich,"Van Gobbel, Ulrich",Paises Bajos,16 de enero de 1971,Defensor,https://www.losmundialesdefutbol.com/jugadores/ulrich_van_gobbel.php
Van Hanegem,Wim,"Van Hanegem, Wim",Paises Bajos,20 de febrero de 1944,Mediocampista,https://www.losmundialesdefutbol.com/jugadores/wim_van_hanegem.php
Van Hattum,Frank,"Van Hattum, Frank",Nueva Zelanda,17 de noviembre de 1958,Arquero,https://www.losmundialesdefutbol.com/jugadores/frank_van_hattum.php
Van Heel,Puck,"Van Heel, Puck",Paises Bajos,21 de enero de 1904,Mediocampista,https://www.losmundialesdefutbol.com/jugadores/puck_van_heel.php
Van Himst,Paul,"Van Himst, Paul",Bélgica,2 de octubre de 1943,Delantero,https://www.losmundialesdefutbol.com/jugadores/paul_van_himst.php
Van Hooijdonk,Pierre,"Van Hooijdonk, Pierre",Paises Bajos,29 de noviembre de 1969,Delantero,https://www.losmundialesdefutbol.com/jugadores/pierre_van_hooijdonk.php
Van Hoywegen,Luc,"Van Hoywegen, Luc",Bélgica,1 de enero de 1929,Delantero,https://www.losmundialesdefutbol.com/jugadores/luc_van_hoywegen.php
Van Ierssel,Cees,"Van Ierssel, Cees",Paises Bajos,6 de diciembre de 1945,Defensor,https://www.losmundialesdefutbol.com/jugadores/cees_van_ierssel.php
Van Ingelgem,Jos,"Van Ingelgem, Jos",Bélgica,23 de enero de 1919,Mediocampista,https://www.losmundialesdefutbol.com/jugadores/jos_van_ingelgem.php
Van Kerckhoven,Nico,"Van Kerckhoven, Nico",Bélgica,14 de diciembre de 1970,"Defensor, Mediocampista",https://www.losmundialesdefutbol.com/jugadores/nico_van_kerckhoven.php
Van Kerckhoven,Robert,"Van Kerckhoven, Robert",Bélgica,1 de enero de 1924,Mediocampista,https://www.losmundialesdefutbol.com/jugadores/robert_van_kerckhoven.php
Van Kraay,Adri,"Van Kraay, Adri",Paises Bajos,1 de agosto de 1953,Defensor,https://www.losmundialesdefutbol.com/jugadores/adri_van_kraay.php
Van Loen,John,"Van Loen, John",Paises Bajos,4 de febrero de 1965,Delantero,https://www.losmundialesdefutbol.com/jugadores/john_van_loen.php
Van Male,Adriaan,"Van Male, Adriaan",Paises Bajos,7 de octubre de 1910,Arquero,https://www.losmundialesdefutbol.com/jugadores/adriaan_van_male.php
Van Meir,Eric,"Van Meir, Eric",Bélgica,28 de febrero de 1968,Defensor,https://www.losmundialesdefutbol.com/jugadores/eric_van_meir.php
Van Moer,Wilfried,"Van Moer, Wilfried",Bélgica,1 de marzo de 1945,Mediocampista,https://www.losmundialesdefutbol.com/jugadores/wilfried_van_moer.php
Van Nellen,Joop,"Van Nellen, Joop",Paises Bajos,15 de marzo de 1910,Delantero,https://www.losmundialesdefutbol.com/jugadores/joop_van_nellen.php
Van Nistelrooij,Ruud,"Van Nistelrooij, Ruud",Paises Bajos,1 de julio de 1976,Delantero,https://www.losmundialesdefutbol.com/jugadores/ruud_van_nistelrooij.php
Van Persie,Robin,"Van Persie, Robin",Paises Bajos,6 de agosto de 1983,Delantero,https://www.losmundialesdefutbol.com/jugadores/robin_van_persie.php
Van Run,Sjef,"Van Run, Sjef",Paises Bajos,12 de enero de 1904,Defensor,https://www.losmundialesdefutbol.com/jugadores/sjef_van_run.php
Van Spaandonck,Henk,"Van Spaandonck, Henk",Paises Bajos,25 de junio de 1913,Delantero,https://www.losmundialesdefutbol.com/jugadores/henk_van_spaandonck.php
Van Steen,Jean,"Van Steen, Jean",Bélgica,2 de junio de 1929,Mediocampista,https://www.losmundialesdefutbol.com/jugadores/jean_van_steen.php
Van Tiggelen,Adri,"Van Tiggelen, Adri",Paises Bajos,16 de junio de 1957,Defensor,https://www.losmundialesdefutbol.com/jugadores/adri_van_tiggelen.php
Van Tuyne,Jose,"Van Tuyne, Jose",Argentina,13 de diciembre de 1954,Defensor,https://www.losmundialesdefutbol.com/jugadores/jose_van_tuyne.php
Van Vossen,Peter,"Van Vossen, Peter",Paises Bajos,21 de abril de 1968,Delantero,https://www.losmundialesdefutbol.com/jugadores/peter_van_vossen.php
Vanaken,Hans,Hans Vanaken,Bélgica,24 de agosto de 1992,Mediocampista,https://www.losmundialesdefutbol.com/jugadores/hans_vanaken.php
Vande Walle,Philippe,"Vande Walle, Philippe",Bélgica,22 de diciembre de 1961,Arquero,https://www.losmundialesdefutbol.com/jugadores/philippe_vande_walle.php
Vanden Borre,Anthony,"Vanden Borre, Anthony",Bélgica,24 de octubre de 1987,Defensor,https://www.losmundialesdefutbol.com/jugadores/anthony_vanden_borre.php
Vandenbergh,Erwin,"Vandenbergh, Erwin",Bélgica,26 de enero de 1959,Delantero,https://www.losmundialesdefutbol.com/jugadores/erwin_vandenbergh.php
Vandendriessche,Franky,"Vandendriessche, Franky",Bélgica,7 de abril de 1971,Arquero,https://www.losmundialesdefutbol.com/jugadores/franky_vandendriessche.php
Vandereycken,Rene,"Vandereycken, Rene",Bélgica,22 de julio de 1953,Mediocampista,https://www.losmundialesdefutbol.com/jugadores/rene_vandereycken.php
Vanderhaeghe,Yves,"Vanderhaeghe, Yves",Bélgica,30 de enero de 1970,Mediocampista,https://www.losmundialesdefutbol.com/jugadores/yves_vanderhaeghe.php
Vandersmissen,Guy,"Vandersmissen, Guy",Bélgica,25 de diciembre de 1957,Delantero,https://www.losmundialesdefutbol.com/jugadores/guy_vandersmissen.php
Vandeweyer,Andre,"Vandeweyer, Andre",Bélgica,21 de junio de 1909,Arquero,https://www.losmundialesdefutbol.com/jugadores/andre_vandeweyer.php
Vandewouwer,Charles,"Vandewouwer, Charles",Bélgica,7 de septiembre de 1916,Delantero,https://www.losmundialesdefutbol.com/jugadores/charles_vandewouwer.php
Vandooren,Jules,"Vandooren, Jules",Francia,30 de diciembre de 1908,Defensor,https://www.losmundialesdefutbol.com/jugadores/jules_vandooren.php
Vanenburg,Gerald,"Vanenburg, Gerald",Paises Bajos,5 de marzo de 1964,Mediocampista,https://www.losmundialesdefutbol.com/jugadores/gerald_vanenburg.php
Vanole,David,"Vanole, David",Estados Unidos,6 de febrero de 1963,Arquero,https://www.losmundialesdefutbol.com/jugadores/david_vanole.php
Vantolra,Jose,"Vantolra, Jose",México,30 de marzo de 1943,Defensor,https://www.losmundialesdefutbol.com/jugadores/jose_vantolra.php
Varacka,Jose,"Varacka, Jose",Argentina,27 de mayo de 1932,Mediocampista,https://www.losmundialesdefutbol.com/jugadores/jose_varacka.php
Varadi,Bela,"Varadi, Bela",Hungría,12 de abril de 1953,Delantero,https://www.losmundialesdefutbol.com/jugadores/bela_varadi.php
Varallo,Francisco,"Varallo, Francisco",Argentina,5 de febrero de 1910,Delantero,https://www.losmundialesdefutbol.com/jugadores/francisco_varallo.php
Varane,Raphael,Raphaël Xavier Varane,Francia,25 de abril de 1993,Defensor,https://www.losmundialesdefutbol.com/jugadores/raphael_varane.php
Vardy,Jamie,Jamie Richard Vardy,Inglaterra,11 de enero de 1997,Delantero,https://www.losmundialesdefutbol.com/jugadores/jamie_vardy.php
Varela,Guillermo,Guillermo Varela Olivera,Uruguay,24 de marzo de 1993,Defensor,https://www.losmundialesdefutbol.com/jugadores/guillermo_varela.php
Varela,Gustavo,"Varela, Gustavo",Uruguay,14 de mayo de 1978,Mediocampista,https://www.losmundialesdefutbol.com/jugadores/gustavo_varela.php
Varela,Obdulio,"Varela, Obdulio",Uruguay,20 de septiembre de 1917,Mediocampista,https://www.losmundialesdefutbol.com/jugadores/obdulio_varela.php
Varela,Silvestre,"Varela, Silvestre",Portugal,2 de febrero de 1985,Delantero,https://www.losmundialesdefutbol.com/jugadores/silvestre_varela.php
Varga,Jozsef,"Varga, Jozsef",Hungría,9 de octubre de 1954,Defensor,https://www.losmundialesdefutbol.com/jugadores/jozsef_varga.php
Varga,Zoltan,"Varga, Zoltan",Hungría,1 de enero de 1945,Mediocampista,https://www.losmundialesdefutbol.com/jugadores/zoltan_varga.php
Vargas,Camilo,Camilo Andrés Vargas Gil,Colombia,9 de marzo de 1989,Arquero,https://www.losmundialesdefutbol.com/jugadores/camilo_vargas.php
Vargas,Eduardo,"Vargas, Eduardo",Chile,20 de noviembre de 1989,Delantero,https://www.losmundialesdefutbol.com/jugadores/eduardo_vargas.php
Vargas,Javier,"Vargas, Javier",México,22 de noviembre de 1941,Arquero,https://www.losmundialesdefutbol.com/jugadores/javier_vargas.php
Vargas,Juan Pablo,Juan Pablo Vargas Campos,Costa Rica,6 de junio de 1995,Defensor,https://www.losmundialesdefutbol.com/jugadores/juan_pablo_vargas.php
Vargas,Marcelino,"Vargas, Marcelino",Paraguay,1 de enero de 1921,Arquero,https://www.losmundialesdefutbol.com/jugadores/marcelino_vargas.php
Vargas,Rubén,"Vargas, Rubén",Suiza,5 de agosto de 1998,Mediocampista,https://www.losmundialesdefutbol.com/jugadores/ruben_vargas.php
Vargas Pena,Luis,"Vargas Pena, Luis",Paraguay,1 de enero de 1905,Delantero,https://www.losmundialesdefutbol.com/jugadores/luis_vargas_pena.php
Varglien,Mario,"Varglien, Mario",Italia,16 de diciembre de 1905,Mediocampista,https://www.losmundialesdefutbol.com/jugadores/mario_varglien.php
Varhidi,Pal,"Varhidi, Pal",Hungría,6 de noviembre de 1931,Defensor,https://www.losmundialesdefutbol.com/jugadores/pal_varhidi.php
Vasas,Mihaly,"Vasas, Mihaly",Hungría,1 de enero de 1933,Delantero,https://www.losmundialesdefutbol.com/jugadores/mihaly_vasas.php
Vashchuk,Vladyslav,"Vashchuk, Vladyslav",Ucrania,2 de enero de 1975,Defensor,https://www.losmundialesdefutbol.com/jugadores/vladyslav_vashchuk.php
Vasilev,Mladen,"Vasilev, Mladen",Bulgaria,29 de julio de 1947,Delantero,https://www.losmundialesdefutbol.com/jugadores/mladen_vasilev.php
Vasilev,Tsonyo,"Vasilev, Tsonyo",Bulgaria,7 de enero de 1952,Defensor,https://www.losmundialesdefutbol.com/jugadores/tsonyo_vasilev.php
Vasilj,Vladimir,"Vasilj, Vladimir",Croacia,6 de julio de 1975,Arquero,https://www.losmundialesdefutbol.com/jugadores/vladimir_vasilj.php
Vasquez,Alfredo,"Vasquez, Alfredo",El Salvador,23 de abril de 1945,Mediocampista,https://www.losmundialesdefutbol.com/jugadores/alfredo_vasquez.php
Vasquez,Arturo,"Vasquez, Arturo",México,26 de junio de 1949,Defensor,https://www.losmundialesdefutbol.com/jugadores/arturo_vasquez.php
Vásquez,Johan,"Vásquez, Johan",México,22 de octubre de 1998,Defensor,https://www.losmundialesdefutbol.com/jugadores/johan_vasquez.php
Vassell,Darius,"Vassell, Darius",Inglaterra,13 de junio de 1980,Delantero,https://www.losmundialesdefutbol.com/jugadores/darius_vassell.php
Vastic,Ivica,"Vastic, Ivica",Austria,29 de septiembre de 1969,Delantero,https://www.losmundialesdefutbol.com/jugadores/ivica_vastic.php
Vaughn,Frank,"Vaughn, Frank",Estados Unidos,18 de febrero de 1902,Defensor,https://www.losmundialesdefutbol.com/jugadores/frank_vaughn.php
,Vava,Vava,Brasil,12 de noviembre de 1934,Delantero,https://www.losmundialesdefutbol.com/jugadores/vava.php
Vázquez,José Juan,José Juan Vázquez Gómez,México,14 de marzo de 1988,Mediocampista,https://www.losmundialesdefutbol.com/jugadores/jose_juan_vazquez.php
Vázquez,Lucas,Lucas Vázquez Iglesias,España,1 de julio de 1991,Delantero,https://www.losmundialesdefutbol.com/jugadores/lucas_vazquez.php
Vazquez,Sergio,"Vazquez, Sergio",Argentina,23 de noviembre de 1965,Defensor,https://www.losmundialesdefutbol.com/jugadores/sergio_vazquez.php
Vearncombe,Graham,"Vearncombe, Graham",Gales,28 de marzo de 1934,Arquero,https://www.losmundialesdefutbol.com/jugadores/graham_vearncombe.php
Vecino,Matías,Matías Vecino Falero,Uruguay,24 de agosto de 1991,Mediocampista,https://www.losmundialesdefutbol.com/jugadores/matias_vecino.php
Vega,Alexis,"Vega, Alexis",México,25 de noviembre de 1997,Delantero,https://www.losmundialesdefutbol.com/jugadores/alexis_vega.php
Vega,Cesar,"Vega, Cesar",Uruguay,2 de septiembre de 1959,Defensor,https://www.losmundialesdefutbol.com/jugadores/cesar_vega.php
Vega,Marcelo,"Vega, Marcelo",Chile,12 de agosto de 1971,Mediocampista,https://www.losmundialesdefutbol.com/jugadores/marcelo_vega.php
Veinante,Emile,"Veinante, Emile",Francia,12 de junio de 1907,"Delantero, Mediocampista",https://www.losmundialesdefutbol.com/jugadores/emile_veinante.php
Vela,Carlos,"Vela, Carlos",México,1 de marzo de 1989,Delantero,https://www.losmundialesdefutbol.com/jugadores/carlos_vela.php
Velarde,Mario,"Velarde, Mario",México,29 de marzo de 1940,"Delantero, Mediocampista",https://www.losmundialesdefutbol.com/jugadores/mario_velarde.php
Velasquez,Jose,"Velasquez, Jose",Perú,4 de junio de 1952,Mediocampista,https://www.losmundialesdefutbol.com/jugadores/jose_velasquez.php
Velazquez,Guadalupe,"Velazquez, Guadalupe",México,12 de agosto de 1923,Delantero,https://www.losmundialesdefutbol.com/jugadores/guadalupe_velazquez.php
Velichkov,Boycho,"Velichkov, Boycho",Bulgaria,13 de agosto de 1958,Delantero,https://www.losmundialesdefutbol.com/jugadores/boycho_velichkov.php
Velichkov,Petar,"Velichkov, Petar",Bulgaria,8 de agosto de 1940,Delantero,https://www.losmundialesdefutbol.com/jugadores/petar_velichkov.php
Velichkov,Stefan,"Velichkov, Stefan",Bulgaria,15 de febrero de 1949,Defensor,https://www.losmundialesdefutbol.com/jugadores/stefan_velichkov.php
Veliz,Leonardo,"Veliz, Leonardo",Chile,3 de septiembre de 1945,Delantero,https://www.losmundialesdefutbol.com/jugadores/leonardo_veliz.php
Veljković,Miloš,Miloš Veljković,Serbia,26 de septiembre de 1995,Defensor,https://www.losmundialesdefutbol.com/jugadores/milos_veljkovic.php
,Velloso,Velloso,Brasil,25 de septiembre de 1908,Arquero,https://www.losmundialesdefutbol.com/jugadores/velloso.php
Veloso,Miguel,Miguel Luís Pinto Veloso,Portugal,11 de mayo de 1986,Mediocampista,https://www.losmundialesdefutbol.com/jugadores/miguel_veloso.php
Veltman,Joël,"Veltman, Joël",Paises Bajos,15 de enero de 1992,Defensor,https://www.losmundialesdefutbol.com/jugadores/joel_veltman.php
,Veludo,Veludo,Brasil,7 de agosto de 1930,Arquero,https://www.losmundialesdefutbol.com/jugadores/veludo.php
Vencel,Alexander,"Vencel, Alexander",Checoslovaquia,8 de febrero de 1944,Arquero,https://www.losmundialesdefutbol.com/jugadores/alexander_vencel.php
Venegas,Johan,Johan Alberto Venegas Ulloa,Costa Rica,27 de noviembre de 1988,Delantero,https://www.losmundialesdefutbol.com/jugadores/johan_venegas.php
Vennegoor Of Hesselink,Jan,"Vennegoor Of Hesselink, Jan",Paises Bajos,7 de noviembre de 1978,Delantero,https://www.losmundialesdefutbol.com/jugadores/jan_vennegoor_of_hesselink.php
Vente,Leen,"Vente, Leen",Paises Bajos,14 de mayo de 1911,Delantero,https://www.losmundialesdefutbol.com/jugadores/leen_vente.php
Ventorla,Martin,"Ventorla, Martin",España,16 de diciembre de 1906,Delantero,https://www.losmundialesdefutbol.com/jugadores/martin_ventorla.php
Ventura,Joaquin,"Ventura, Joaquin",El Salvador,27 de octubre de 1956,Mediocampista,https://www.losmundialesdefutbol.com/jugadores/joaquin_ventura.php
Vera,Enrique,"Vera, Enrique",Paraguay,10 de marzo de 1979,Mediocampista,https://www.losmundialesdefutbol.com/jugadores/enrique_vera.php
Vercauteren,Frank,"Vercauteren, Frank",Bélgica,28 de octubre de 1956,Mediocampista,https://www.losmundialesdefutbol.com/jugadores/frank_vercauteren.php
Vercruysse,Philippe,"Vercruysse, Philippe",Francia,28 de enero de 1962,Mediocampista,https://www.losmundialesdefutbol.com/jugadores/philippe_vercruysse.php
Veretout,Jordan,"Veretout, Jordan",Francia,1 de marzo de 1993,Mediocampista,https://www.losmundialesdefutbol.com/jugadores/jordan_veretout.php
Verges,Martin,"Verges, Martin",España,8 de marzo de 1934,Mediocampista,https://www.losmundialesdefutbol.com/jugadores/martin_verges.php
Verhaegh,Paul,"Verhaegh, Paul",Paises Bajos,1 de septiembre de 1983,Defensor,https://www.losmundialesdefutbol.com/jugadores/paul_verhaegh.php
Verheyen,Gert,"Verheyen, Gert",Bélgica,20 de septiembre de 1970,Mediocampista,https://www.losmundialesdefutbol.com/jugadores/gert_verheyen.php
Verheyen,Jan,"Verheyen, Jan",Bélgica,9 de julio de 1944,Mediocampista,https://www.losmundialesdefutbol.com/jugadores/jan_verheyen.php
Verheyen,Rene,"Verheyen, Rene",Bélgica,20 de marzo de 1952,Mediocampista,https://www.losmundialesdefutbol.com/jugadores/rene_verheyen.php
Verlinden,Dany,"Verlinden, Dany",Bélgica,15 de agosto de 1963,Arquero,https://www.losmundialesdefutbol.com/jugadores/dany_verlinden.php
Vermaelen,Thomas,Thomas Vermaelen,Bélgica,14 de noviembre de 1985,Defensor,https://www.losmundialesdefutbol.com/jugadores/thomas_vermaelen.php
Vermant,Sven,"Vermant, Sven",Bélgica,4 de abril de 1973,Mediocampista,https://www.losmundialesdefutbol.com/jugadores/sven_vermant.php
Vermes,Peter,"Vermes, Peter",Estados Unidos,21 de noviembre de 1966,Delantero,https://www.losmundialesdefutbol.com/jugadores/peter_vermes.php
Vernati,Sirio,"Vernati, Sirio",Suiza,12 de mayo de 1907,Mediocampista,https://www.losmundialesdefutbol.com/jugadores/sirio_vernati.php
Vernon,Roy,"Vernon, Roy",Gales,14 de abril de 1937,Delantero,https://www.losmundialesdefutbol.com/jugadores/roy_vernon.php
Veron,Dario,"Veron, Dario",Paraguay,26 de julio de 1979,Defensor,https://www.losmundialesdefutbol.com/jugadores/dario_veron.php
Veron,Juan,"Veron, Juan",Argentina,9 de marzo de 1975,Mediocampista,https://www.losmundialesdefutbol.com/jugadores/juan_veron.php
Verratti,Marco,"Verratti, Marco",Italia,5 de noviembre de 1992,Mediocampista,https://www.losmundialesdefutbol.com/jugadores/marco_verratti.php
Verriest,Georges,"Verriest, Georges",Francia,15 de julio de 1909,Mediocampista,https://www.losmundialesdefutbol.com/jugadores/georges_verriest.php
Versavel,Bruno,"Versavel, Bruno",Bélgica,27 de agosto de 1967,Mediocampista,https://www.losmundialesdefutbol.com/jugadores/bruno_versavel.php
Verstraeten,Mike,"Verstraeten, Mike",Bélgica,12 de agosto de 1967,Defensor,https://www.losmundialesdefutbol.com/jugadores/mike_verstraeten.php
Versyp,Louis,"Versyp, Louis",Bélgica,5 de diciembre de 1908,Delantero,https://www.losmundialesdefutbol.com/jugadores/louis_versyp.php
Vertonghen,Jan,Jan Bert Lieve Vertonghen,Bélgica,24 de abril de 1987,Defensor,https://www.losmundialesdefutbol.com/jugadores/jan_vertonghen.php
Vervoort,Patrick,"Vervoort, Patrick",Bélgica,17 de enero de 1965,Defensor,https://www.losmundialesdefutbol.com/jugadores/patrick_vervoort.php
Veselinovic,Toza,"Veselinovic, Toza",Yugoslavia,22 de octubre de 1930,Delantero,https://www.losmundialesdefutbol.com/jugadores/toza_veselinovic.php
Vesely,Bohumil,"Vesely, Bohumil",Checoslovaquia,18 de junio de 1945,Mediocampista,https://www.losmundialesdefutbol.com/jugadores/bohumil_vesely.php
Vesely,Frantisek,"Vesely, Frantisek",Checoslovaquia,7 de diciembre de 1943,Mediocampista,https://www.losmundialesdefutbol.com/jugadores/frantisek_vesely.php
Vestergaard,Jannik,Jannik Vestergaard,Dinamarca,3 de agosto de 1992,Defensor,https://www.losmundialesdefutbol.com/jugadores/jannik_vestergaard.php
Veyt,Daniel,"Veyt, Daniel",Bélgica,9 de diciembre de 1956,Delantero,https://www.losmundialesdefutbol.com/jugadores/daniel_veyt.php
Vialli,Gianluca,"Vialli, Gianluca",Italia,9 de julio de 1964,Delantero,https://www.losmundialesdefutbol.com/jugadores/gianluca_vialli.php
Vicelich,Ivan,"Vicelich, Ivan",Nueva Zelanda,3 de septiembre de 1976,Defensor,https://www.losmundialesdefutbol.com/jugadores/ivan_vicelich.php
,Vicente,Vicente,Portugal,24 de septiembre de 1935,Defensor,https://www.losmundialesdefutbol.com/jugadores/vicente.php
,Victor,Victor,España,15 de marzo de 1957,Mediocampista,https://www.losmundialesdefutbol.com/jugadores/victor.php
,Víctor Leandro Bagy,Víctor Leandro Bagy,Brasil,21 de enero de 1983,Arquero,https://www.losmundialesdefutbol.com/jugadores/victor_2.php
Victorino,Mauricio,"Victorino, Mauricio",Uruguay,11 de octubre de 1982,Defensor,https://www.losmundialesdefutbol.com/jugadores/mauricio_victorino.php
Vida,Domagoj,Domagoj Vida,Croacia,29 de abril de 1989,Defensor,https://www.losmundialesdefutbol.com/jugadores/domagoj_vida.php
Vidal,Arturo,Arturo Erasmo Vidal Pardo,Chile,22 de mayo de 1987,Mediocampista,https://www.losmundialesdefutbol.com/jugadores/arturo_vidal.php
Vidal,Carlos,"Vidal, Carlos",Chile,24 de febrero de 1902,Delantero,https://www.losmundialesdefutbol.com/jugadores/carlos_vidal.php
Vidal,Ernesto,"Vidal, Ernesto",Uruguay,15 de noviembre de 1921,Delantero,https://www.losmundialesdefutbol.com/jugadores/ernesto_vidal.php
Vidic,Nemanja,"Vidic, Nemanja",Serbia y Montenegro,21 de octubre de 1981,Defensor,https://www.losmundialesdefutbol.com/jugadores/nemanja_vidic.php
Vidosic,Dario,"Vidosic, Dario",Australia,8 de abril de 1987,Mediocampista,https://www.losmundialesdefutbol.com/jugadores/dario_vidosic.php
Vidovic,Gordan,"Vidovic, Gordan",Bélgica,23 de junio de 1968,Defensor,https://www.losmundialesdefutbol.com/jugadores/gordan_vidovic.php
Vidrio,Manuel,"Vidrio, Manuel",México,23 de agosto de 1972,Defensor,https://www.losmundialesdefutbol.com/jugadores/manuel_vidrio.php
Viduka,Mark,"Viduka, Mark",Australia,9 de octubre de 1975,Delantero,https://www.losmundialesdefutbol.com/jugadores/mark_viduka.php
Vieira,Patrick,"Vieira, Patrick",Francia,23 de junio de 1976,Mediocampista,https://www.losmundialesdefutbol.com/jugadores/patrick_vieira.php
,Vieirinha,Vieirinha,Portugal,24 de enero de 1986,Mediocampista,https://www.losmundialesdefutbol.com/jugadores/vieirinha.php
Viera,Milton,"Viera, Milton",Uruguay,11 de mayo de 1946,Delantero,https://www.losmundialesdefutbol.com/jugadores/milton_viera.php
Viera,Ousmane,Ousmane Viera Diarrassouba,Costa de Marfil,21 de diciembre de 1986,Defensor,https://www.losmundialesdefutbol.com/jugadores/ousmane_viera.php
Vierchowod,Pietro,"Vierchowod, Pietro",Italia,6 de abril de 1959,Defensor,https://www.losmundialesdefutbol.com/jugadores/pietro_vierchowod.php
Vieri,Christian,"Vieri, Christian",Italia,12 de julio de 1973,Delantero,https://www.losmundialesdefutbol.com/jugadores/christian_vieri.php
Vieri,Lido,"Vieri, Lido",Italia,16 de julio de 1939,Arquero,https://www.losmundialesdefutbol.com/jugadores/lido_vieri.php
Viertl,Rudi,"Viertl, Rudi",Austria,12 de noviembre de 1902,Delantero,https://www.losmundialesdefutbol.com/jugadores/rudi_viertl.php
Viktor,Ivo,"Viktor, Ivo",Checoslovaquia,21 de mayo de 1942,Arquero,https://www.losmundialesdefutbol.com/jugadores/ivo_viktor.php
Vilches,Hector,"Vilches, Hector",Uruguay,14 de febrero de 1926,Defensor,https://www.losmundialesdefutbol.com/jugadores/hector_vilches.php
Villa,David,"Villa, David",España,3 de diciembre de 1981,Delantero,https://www.losmundialesdefutbol.com/jugadores/david_villa.php
Villa,German,"Villa, German",México,2 de abril de 1973,Mediocampista,https://www.losmundialesdefutbol.com/jugadores/german_villa.php
Villa,Leon,"Villa, Leon",Colombia,12 de enero de 1960,Defensor,https://www.losmundialesdefutbol.com/jugadores/leon_villa.php
Villa,Ricardo,"Villa, Ricardo",Argentina,18 de agosto de 1952,Mediocampista,https://www.losmundialesdefutbol.com/jugadores/ricardo_villa.php
Villafuerte,Edwin,"Villafuerte, Edwin",Ecuador,12 de marzo de 1979,Arquero,https://www.losmundialesdefutbol.com/jugadores/edwin_villafuerte.php
Villalba,Jacinto,"Villalba, Jacinto",Paraguay,,Delantero,https://www.losmundialesdefutbol.com/jugadores/jacinto_villalba.php
Villalba,Salvador,"Villalba, Salvador",Paraguay,29 de agosto de 1924,Mediocampista,https://www.losmundialesdefutbol.com/jugadores/salvador_villalba.php
Villalobos,Eberardo,"Villalobos, Eberardo",Chile,1 de abril de 1908,Delantero,https://www.losmundialesdefutbol.com/jugadores/eberardo_villalobos.php
Villalta,Alberto,"Villalta, Alberto",El Salvador,19 de noviembre de 1947,Mediocampista,https://www.losmundialesdefutbol.com/jugadores/alberto_villalta.php
Villanueva,Alejandro,"Villanueva, Alejandro",Perú,4 de junio de 1908,Delantero,https://www.losmundialesdefutbol.com/jugadores/alejandro_villanueva.php
Villanueva,Hugo,"Villanueva, Hugo",Chile,9 de abril de 1939,Defensor,https://www.losmundialesdefutbol.com/jugadores/hugo_villanueva.php
Villaplane,Alex,"Villaplane, Alex",Francia,12 de septiembre de 1903,Mediocampista,https://www.losmundialesdefutbol.com/jugadores/alex_villaplane.php
Villar,Justo,"Villar, Justo",Paraguay,30 de junio de 1977,Arquero,https://www.losmundialesdefutbol.com/jugadores/justo_villar.php
Villaroya,Francisco,"Villaroya, Francisco",España,6 de agosto de 1966,Mediocampista,https://www.losmundialesdefutbol.com/jugadores/francisco_villaroya.php
Villarroel,Moises,"Villarroel, Moises",Chile,12 de febrero de 1976,Defensor,https://www.losmundialesdefutbol.com/jugadores/moises_villarroel.php
Villegas,Jaime,"Villegas, Jaime",Honduras,5 de julio de 1950,Defensor,https://www.losmundialesdefutbol.com/jugadores/jaime_villegas.php
Villegas,Jose,"Villegas, Jose",México,20 de junio de 1934,Defensor,https://www.losmundialesdefutbol.com/jugadores/jose_villegas.php
Viña,Matías,"Viña, Matías",Uruguay,9 de noviembre de 1997,Defensor,https://www.losmundialesdefutbol.com/jugadores/matias_vina.php
Vincent,Jean,"Vincent, Jean",Francia,29 de noviembre de 1930,Delantero,https://www.losmundialesdefutbol.com/jugadores/jean_vincent.php
Vincenzi,Guido,"Vincenzi, Guido",Italia,14 de julio de 1932,Defensor,https://www.losmundialesdefutbol.com/jugadores/guido_vincenzi.php
Vincze,Jeno,"Vincze, Jeno",Hungría,20 de noviembre de 1908,Delantero,https://www.losmundialesdefutbol.com/jugadores/jeno_vincze.php
,Vinícius José Paixaõ de Oliveira Junior,Vinícius José Paixaõ de Oliveira Junior,Brasil,12 de julio de 2000,Delantero,https://www.losmundialesdefutbol.com/jugadores/vinicius_junior.php
,Viola,Viola,Brasil,1 de enero de 1969,Delantero,https://www.losmundialesdefutbol.com/jugadores/viola.php
Viola,Giovanni,"Viola, Giovanni",Italia,20 de junio de 1925,Arquero,https://www.losmundialesdefutbol.com/jugadores/giovanni_viola.php
Visca,Edin,"Visca, Edin",Bosnia-Herzegovina,17 de febrero de 1990,Delantero,https://www.losmundialesdefutbol.com/jugadores/edin_visca.php
Vissoker,Itzhak,"Vissoker, Itzhak",Israel,18 de septiembre de 1944,Arquero,https://www.losmundialesdefutbol.com/jugadores/itzhak_vissoker.php
Viteri,Daniel,"Viteri, Daniel",Ecuador,12 de diciembre de 1981,Arquero,https://www.losmundialesdefutbol.com/jugadores/daniel_viteri.php
,Vitinha,Vitinha,Portugal,13 de febrero de 2000,Mediocampista,https://www.losmundialesdefutbol.com/jugadores/vitinha.php
,Vitor Baia,Vitor Baia,Portugal,15 de octubre de 1969,Arquero,https://www.losmundialesdefutbol.com/jugadores/vitor_baia.php
Vitoria,Steven,Steven de Sousa Vitória,Canadá,11 de enero de 1987,Defensor,https://www.losmundialesdefutbol.com/jugadores/steven_vitoria.php
Vittek,Robert,"Vittek, Robert",Eslovaquia,1 de abril de 1982,Delantero,https://www.losmundialesdefutbol.com/jugadores/robert_vittek.php
Vivas,Adelmo,"Vivas, Adelmo",Colombia,,Arquero,https://www.losmundialesdefutbol.com/jugadores/adelmo_vivas.php
Vivas,Nelson,"Vivas, Nelson",Argentina,18 de octubre de 1969,Defensor,https://www.losmundialesdefutbol.com/jugadores/nelson_vivas.php
Vizek,Ladislav,"Vizek, Ladislav",Checoslovaquia,22 de enero de 1955,Delantero,https://www.losmundialesdefutbol.com/jugadores/ladislav_vizek.php
Vlaar,Ron,"Vlaar, Ron",Paises Bajos,16 de febrero de 1985,Defensor,https://www.losmundialesdefutbol.com/jugadores/ron_vlaar.php
Vladic,Franjo,"Vladic, Franjo",Yugoslavia,19 de octubre de 1951,Mediocampista,https://www.losmundialesdefutbol.com/jugadores/franjo_vladic.php
Vladoiu,Ion,"Vladoiu, Ion",Rumania,5 de noviembre de 1968,Delantero,https://www.losmundialesdefutbol.com/jugadores/ion_vladoiu.php
Vlahovic,Dusan,"Vlahovic, Dusan",Serbia,28 de enero de 2000,Delantero,https://www.losmundialesdefutbol.com/jugadores/dusan_vlahovic.php
Vlaovic,Goran,"Vlaovic, Goran",Croacia,7 de agosto de 1972,Delantero,https://www.losmundialesdefutbol.com/jugadores/goran_vlaovic.php
Vlasic,Nikola,Nikola Vlašić,Croacia,4 de octubre de 1997,Mediocampista,https://www.losmundialesdefutbol.com/jugadores/nikola_vlasic.php
Vliers,Joseph,"Vliers, Joseph",Bélgica,18 de diciembre de 1932,Delantero,https://www.losmundialesdefutbol.com/jugadores/joseph_vliers.php
Vodicka,Antonin,"Vodicka, Antonin",Checoslovaquia,1 de marzo de 1907,Mediocampista,https://www.losmundialesdefutbol.com/jugadores/antonin_vodicka.php
Voeller,Rudi,"Voeller, Rudi",Alemania Occidental,13 de abril de 1960,Delantero,https://www.losmundialesdefutbol.com/jugadores/rudi_voeller.php
Vogel,Eberhard,"Vogel, Eberhard",Alemania Oriental,8 de abril de 1943,Delantero,https://www.losmundialesdefutbol.com/jugadores/eberhard_vogel.php
Vogel,Johann,"Vogel, Johann",Suiza,8 de marzo de 1977,Mediocampista,https://www.losmundialesdefutbol.com/jugadores/johann_vogel.php
Vogl,Emerich,"Vogl, Emerich",Rumania,12 de agosto de 1905,"Defensor, Mediocampista",https://www.losmundialesdefutbol.com/jugadores/emerich_vogl.php
Vogts,Berti,"Vogts, Berti",Alemania Occidental,30 de diciembre de 1946,Defensor,https://www.losmundialesdefutbol.com/jugadores/berti_vogts.php
Voinov,Voin,"Voinov, Voin",Bulgaria,7 de septiembre de 1952,Delantero,https://www.losmundialesdefutbol.com/jugadores/voin_voinov.php
Voinov,Yuri,"Voinov, Yuri",URSS,29 de noviembre de 1931,Mediocampista,https://www.losmundialesdefutbol.com/jugadores/yuri_voinov.php
Vojacek,Rostilav,"Vojacek, Rostilav",Checoslovaquia,23 de febrero de 1949,Defensor,https://www.losmundialesdefutbol.com/jugadores/rostilav_vojacek.php
Vollmar,Heinz,"Vollmar, Heinz",Alemania Occidental,26 de abril de 1936,Delantero,https://www.losmundialesdefutbol.com/jugadores/heinz_vollmar.php
Von Bergen,Steve,"Von Bergen, Steve",Suiza,10 de junio de 1983,Defensor,https://www.losmundialesdefutbol.com/jugadores/steve_von_bergen.php
Von Kaenel,Willy,"Von Kaenel, Willy",Suiza,30 de octubre de 1909,Delantero,https://www.losmundialesdefutbol.com/jugadores/willy_von_kaenel.php
Vonk,Hans,"Vonk, Hans",Sudáfrica,30 de enero de 1970,Arquero,https://www.losmundialesdefutbol.com/jugadores/hans_vonk.php
Vonlanden,Marcel,"Vonlanden, Marcel",Suiza,8 de septiembre de 1933,Delantero,https://www.losmundialesdefutbol.com/jugadores/marcel_vonlanden.php
Vonlanthen,Roger,"Vonlanthen, Roger",Suiza,5 de diciembre de 1930,Delantero,https://www.losmundialesdefutbol.com/jugadores/roger_vonlanthen.php
Voorhoof,Bernard,"Voorhoof, Bernard",Bélgica,11 de mayo de 1910,Delantero,https://www.losmundialesdefutbol.com/jugadores/bernard_voorhoof.php
Vorbe,Philippe,"Vorbe, Philippe",Haití,14 de septiembre de 1947,Mediocampista,https://www.losmundialesdefutbol.com/jugadores/philippe_vorbe.php
Vorm,Michel,"Vorm, Michel",Paises Bajos,20 de octubre de 1983,Arquero,https://www.losmundialesdefutbol.com/jugadores/michel_vorm.php
,Voro,Voro,España,9 de octubre de 1963,Defensor,https://www.losmundialesdefutbol.com/jugadores/voro.php
Vorobey,Andriy,"Vorobey, Andriy",Ucrania,29 de noviembre de 1978,Delantero,https://www.losmundialesdefutbol.com/jugadores/andriy_vorobey.php
Voronin,Andriy,"Voronin, Andriy",Ucrania,21 de julio de 1979,Delantero,https://www.losmundialesdefutbol.com/jugadores/andriy_voronin.php
Voronin,Valeri,"Voronin, Valeri",URSS,17 de julio de 1939,Mediocampista,https://www.losmundialesdefutbol.com/jugadores/valeri_voronin.php
Vorsah,Isaac,"Vorsah, Isaac",Ghana,21 de junio de 1988,Defensor,https://www.losmundialesdefutbol.com/jugadores/isaac_vorsah.php
Vos,Harry,"Vos, Harry",Paises Bajos,4 de septiembre de 1946,Defensor,https://www.losmundialesdefutbol.com/jugadores/harry_vos.php
Vrablic,Igor,"Vrablic, Igor",Canadá,19 de julio de 1965,Delantero,https://www.losmundialesdefutbol.com/jugadores/igor_vrablic.php
Vranjes,Jurica,"Vranjes, Jurica",Croacia,31 de enero de 1980,Mediocampista,https://www.losmundialesdefutbol.com/jugadores/jurica_vranjes.php
Vranjes,Ognjen,"Vranjes, Ognjen",Bosnia-Herzegovina,24 de octubre de 1989,Defensor,https://www.losmundialesdefutbol.com/jugadores/ognjen_vranjes.php
Vrauwdeunt,Manus,"Vrauwdeunt, Manus",Paises Bajos,29 de abril de 1914,Delantero,https://www.losmundialesdefutbol.com/jugadores/manus_vrauwdeunt.php
Vrsajevic,Avdija,"Vrsajevic, Avdija",Bosnia-Herzegovina,6 de marzo de 1986,Mediocampista,https://www.losmundialesdefutbol.com/jugadores/avdija_vrsajevic.php
Vrsaljko,Sime,Šime Vrsaljko,Croacia,10 de enero de 1992,Defensor,https://www.losmundialesdefutbol.com/jugadores/sime_vrsaljko.php
Vugdalic,Muamer,"Vugdalic, Muamer",Eslovenia,25 de agosto de 1977,Defensor,https://www.losmundialesdefutbol.com/jugadores/muamer_vugdalic.php
Vugrinec,Davor,"Vugrinec, Davor",Croacia,24 de marzo de 1975,Mediocampista,https://www.losmundialesdefutbol.com/jugadores/davor_vugrinec.php
Vuilleumier,Georges,"Vuilleumier, Georges",Suiza,21 de septiembre de 1944,Delantero,https://www.losmundialesdefutbol.com/jugadores/georges_vuilleumier.php
Vujadinovic,Djordje,"Vujadinovic, Djordje",Yugoslavia,6 de diciembre de 1909,Delantero,https://www.losmundialesdefutbol.com/jugadores/djordje_vujadinovic.php
Vujovic,Zlatko,"Vujovic, Zlatko",Yugoslavia,26 de agosto de 1958,Delantero,https://www.losmundialesdefutbol.com/jugadores/zlatko_vujovic.php
Vujovic,Zoran,"Vujovic, Zoran",Yugoslavia,26 de agosto de 1958,Defensor,https://www.losmundialesdefutbol.com/jugadores/zoran_vujovic.php
Vukas,Bernard,"Vukas, Bernard",Yugoslavia,1 de mayo de 1927,Delantero,https://www.losmundialesdefutbol.com/jugadores/bernard_vukas.php
Vukic,Zvonimir,"Vukic, Zvonimir",Serbia y Montenegro,19 de julio de 1979,Mediocampista,https://www.losmundialesdefutbol.com/jugadores/zvonimir_vukic.php
Vukojevic,Ognjen,"Vukojevic, Ognjen",Croacia,20 de diciembre de 1983,Mediocampista,https://www.losmundialesdefutbol.com/jugadores/ognjen_vukojevic.php
Vukovic,Danny,Daniel Vukovic,Australia,27 de marzo de 1985,Arquero,https://www.losmundialesdefutbol.com/jugadores/danny_vukovic.php
Vulic,Zoran,"Vulic, Zoran",Yugoslavia,4 de octubre de 1961,Defensor,https://www.losmundialesdefutbol.com/jugadores/zoran_vulic.php
Vutsov,Ivan,"Vutsov, Ivan",Bulgaria,14 de diciembre de 1939,Defensor,https://www.losmundialesdefutbol.com/jugadores/ivan_vutsov.php
Vyntra,Loukas,"Vyntra, Loukas",Grecia,5 de febrero de 1981,Defensor,https://www.losmundialesdefutbol.com/jugadores/loukas_vyntra.php
Wa Munda,Tshinabu,"Wa Munda, Tshinabu",Zaire,8 de mayo de 1946,Mediocampista,https://www.losmundialesdefutbol.com/jugadores/tshinabu_wa_munda.php
Waad,Mohammed,Mohammed Waad Abdulwahab Jadoua Al-Bayati,Catar,18 de septiembre de 1999,Mediocampista,https://www.losmundialesdefutbol.com/jugadores/mohammed_waad.php
Waddle,Chris,"Waddle, Chris",Inglaterra,14 de diciembre de 1960,Mediocampista,https://www.losmundialesdefutbol.com/jugadores/chris_waddle.php
Waetzlich,Siegmar,"Waetzlich, Siegmar",Alemania Oriental,16 de noviembre de 1947,Defensor,https://www.losmundialesdefutbol.com/jugadores/siegmar_waetzlich.php
Wagner,Franz,"Wagner, Franz",Austria,23 de septiembre de 1911,Mediocampista,https://www.losmundialesdefutbol.com/jugadores/franz_wagner.php
Wagner,Fritz,"Wagner, Fritz",Suiza,,Delantero,https://www.losmundialesdefutbol.com/jugadores/fritz_wagner.php
Wagner,Martin,"Wagner, Martin",Alemania,24 de febrero de 1968,Defensor,https://www.losmundialesdefutbol.com/jugadores/martin_wagner.php
Wagner,Theodor,"Wagner, Theodor",Austria,6 de agosto de 1927,Delantero,https://www.losmundialesdefutbol.com/jugadores/theodor_wagner.php
Wagué,Moussa,Moussa Wagué,Senegal,4 de octubre de 1998,Defensor,https://www.losmundialesdefutbol.com/jugadores/moussa_wague.php
Wakaso,Mubarak,"Wakaso, Mubarak",Ghana,25 de julio de 1990,Mediocampista,https://www.losmundialesdefutbol.com/jugadores/mubarak_wakaso.php
Walachek,Eugen,"Walachek, Eugen",Suiza,20 de junio de 1916,Delantero,https://www.losmundialesdefutbol.com/jugadores/eugen_walachek.php
Walcott,Theo,"Walcott, Theo",Inglaterra,16 de marzo de 1989,Delantero,https://www.losmundialesdefutbol.com/jugadores/theo_walcott.php
,Waldemar De Britto,Waldemar De Britto,Brasil,17 de mayo de 1913,Delantero,https://www.losmundialesdefutbol.com/jugadores/waldemar_de_britto.php
,Waldir Peres,Waldir Peres,Brasil,2 de enero de 1951,Arquero,https://www.losmundialesdefutbol.com/jugadores/waldir_peres.php
Waldoch,Tomasz,"Waldoch, Tomasz",Polonia,10 de mayo de 1971,Defensor,https://www.losmundialesdefutbol.com/jugadores/tomasz_waldoch.php
,Waldyr,Waldyr,Brasil,21 de marzo de 1912,Mediocampista,https://www.losmundialesdefutbol.com/jugadores/waldyr.php
Walem,Johan,"Walem, Johan",Bélgica,1 de febrero de 1972,Mediocampista,https://www.losmundialesdefutbol.com/jugadores/johan_walem.php
Walker,Des,"Walker, Des",Inglaterra,26 de noviembre de 1965,Defensor,https://www.losmundialesdefutbol.com/jugadores/des_walker.php
Walker,Kyle,Kyle Andrew Walker,Inglaterra,28 de mayo de 1990,Defensor,https://www.losmundialesdefutbol.com/jugadores/kyle_walker.php
Wallace,Frank,"Wallace, Frank",Estados Unidos,15 de julio de 1922,Delantero,https://www.losmundialesdefutbol.com/jugadores/frank_wallace.php
Wallace,Harold,"Wallace, Harold",Costa Rica,7 de septiembre de 1975,Defensor,https://www.losmundialesdefutbol.com/jugadores/harold_wallace.php
Wallace,Rodney,Rodney Wallace,Costa Rica,17 de junio de 1988,Mediocampista,https://www.losmundialesdefutbol.com/jugadores/rodney_wallace.php
Walter,Fritz,"Walter, Fritz",Alemania Occidental,31 de octubre de 1920,Mediocampista,https://www.losmundialesdefutbol.com/jugadores/fritz_walter.php
Walter,Ottmar,"Walter, Ottmar",Alemania Occidental,6 de marzo de 1924,Delantero,https://www.losmundialesdefutbol.com/jugadores/ottmar_walter.php
,Walter Goulart,Walter Goulart,Brasil,17 de junio de 1912,Arquero,https://www.losmundialesdefutbol.com/jugadores/walter_goulart.php
Walters,Shu-Aib,"Walters, Shu-Aib",Sudáfrica,26 de diciembre de 1981,Arquero,https://www.losmundialesdefutbol.com/jugadores/shu_aib_walters.php
Walzhofer,Johann,"Walzhofer, Johann",Austria,23 de marzo de 1906,Delantero,https://www.losmundialesdefutbol.com/jugadores/johann_walzhofer.php
Wanchope,Paulo,"Wanchope, Paulo",Costa Rica,31 de julio de 1976,Delantero,https://www.losmundialesdefutbol.com/jugadores/paulo_wanchope.php
Wandzik,Jozef,"Wandzik, Jozef",Polonia,13 de agosto de 1963,Arquero,https://www.losmundialesdefutbol.com/jugadores/jozef_wandzik.php
Ward,Danny,"Ward, Danny",Gales,22 de junio de 1993,Arquero,https://www.losmundialesdefutbol.com/jugadores/danny_ward.php
Warda,Amr,Amr Medhat Warda,Egipto,17 de septiembre de 1993,Mediocampista,https://www.losmundialesdefutbol.com/jugadores/amr_warda.php
Waris,Majeed,"Waris, Majeed",Ghana,19 de septiembre de 1991,Delantero,https://www.losmundialesdefutbol.com/jugadores/majeed_waris.php
Wark,John,"Wark, John",Escocia,4 de agosto de 1957,Mediocampista,https://www.losmundialesdefutbol.com/jugadores/john_wark.php
Warnock,Stephen,"Warnock, Stephen",Inglaterra,12 de diciembre de 1981,Defensor,https://www.losmundialesdefutbol.com/jugadores/stephen_warnock.php
Warren,John,"Warren, John",Australia,17 de mayo de 1943,Mediocampista,https://www.losmundialesdefutbol.com/jugadores/john_warren.php
Wasiewicz,Jan,"Wasiewicz, Jan",Polonia,6 de enero de 1911,Mediocampista,https://www.losmundialesdefutbol.com/jugadores/jan_wasiewicz.php
Wass,Daniel,Daniel Wass,Dinamarca,31 de mayo de 1989,Defensor,https://www.losmundialesdefutbol.com/jugadores/daniel_wass.php
Waston,Kendall,Kendall Jamaal Waston Manley,Costa Rica,1 de enero de 1988,Defensor,https://www.losmundialesdefutbol.com/jugadores/kendall_waston.php
Waterman,Joel,Joel Robert Waterman,Canadá,24 de enero de 1996,Defensor,https://www.losmundialesdefutbol.com/jugadores/joel_waterman.php
Watkiss,John,"Watkiss, John",Australia,28 de marzo de 1941,Defensor,https://www.losmundialesdefutbol.com/jugadores/john_watkiss.php
Watson,Willie,"Watson, Willie",Inglaterra,3 de marzo de 1920,Mediocampista,https://www.losmundialesdefutbol.com/jugadores/willie_watson.php
Weah,Tim,"Weah, Tim",Estados Unidos,22 de febrero de 2000,Delantero,https://www.losmundialesdefutbol.com/jugadores/tim_weah.php
Webb,Neil,"Webb, Neil",Inglaterra,30 de julio de 1963,Mediocampista,https://www.losmundialesdefutbol.com/jugadores/neil_webb.php
Weber,Hans,"Weber, Hans",Suiza,8 de septiembre de 1934,Mediocampista,https://www.losmundialesdefutbol.com/jugadores/hans_weber.php
Weber,Heribert,"Weber, Heribert",Austria,28 de junio de 1955,Defensor,https://www.losmundialesdefutbol.com/jugadores/heribert_weber.php
Weber,Josip,"Weber, Josip",Bélgica,16 de noviembre de 1964,Delantero,https://www.losmundialesdefutbol.com/jugadores/josip_weber.php
Weber,Mauk,"Weber, Mauk",Paises Bajos,13 de marzo de 1914,Defensor,https://www.losmundialesdefutbol.com/jugadores/mauk_weber.php
Weber,Wolfgang,"Weber, Wolfgang",Alemania Occidental,26 de junio de 1944,Defensor,https://www.losmundialesdefutbol.com/jugadores/wolfgang_weber.php
Webo,Pierre,"Webo, Pierre",Camerún,20 de enero de 1982,Delantero,https://www.losmundialesdefutbol.com/jugadores/pierre_webo.php
Webster,Colin,"Webster, Colin",Gales,17 de julio de 1932,Delantero,https://www.losmundialesdefutbol.com/jugadores/colin_webster.php
Wegerle,Roy,"Wegerle, Roy",Estados Unidos,19 de marzo de 1964,"Delantero, Mediocampista",https://www.losmundialesdefutbol.com/jugadores/roy_wegerle.php
Weghorst,Wout,"Weghorst, Wout",Paises Bajos,7 de agosto de 1992,Delantero,https://www.losmundialesdefutbol.com/jugadores/wout_weghorst.php
Weidenfeller,Roman,"Weidenfeller, Roman",Alemania,6 de agosto de 1980,Arquero,https://www.losmundialesdefutbol.com/jugadores/roman_weidenfeller.php
Weiler,Max,"Weiler, Max",Suiza,25 de septiembre de 1900,Defensor,https://www.losmundialesdefutbol.com/jugadores/max_weiler.php
Weiler,Walter,"Weiler, Walter",Suiza,4 de diciembre de 1903,Defensor,https://www.losmundialesdefutbol.com/jugadores/walter_weiler.php
Weir,David,"Weir, David",Escocia,10 de mayo de 1970,Defensor,https://www.losmundialesdefutbol.com/jugadores/david_weir.php
Weise,Konrad,"Weise, Konrad",Alemania Oriental,17 de agosto de 1951,Defensor,https://www.losmundialesdefutbol.com/jugadores/konrad_weise.php
Weiss,Vladimir,"Weiss, Vladimir",Eslovaquia,30 de noviembre de 1989,Mediocampista,https://www.losmundialesdefutbol.com/jugadores/vladimir_weiss.php
Weiss,Vladimir,"Weiss, Vladimir",Checoslovaquia,22 de septiembre de 1964,Mediocampista,https://www.losmundialesdefutbol.com/jugadores/vladimir_weiss_2.php
Welbeck,Danny,Daniel Nii Tackie Mensah Welbeck,Inglaterra,26 de noviembre de 1990,Delantero,https://www.losmundialesdefutbol.com/jugadores/danny_welbeck.php
Welcome,George,"Welcome, George",Honduras,9 de marzo de 1985,Delantero,https://www.losmundialesdefutbol.com/jugadores/george_welcome.php
Welkenhuysen,Felix,"Welkenhuysen, Felix",Bélgica,12 de diciembre de 1908,Mediocampista,https://www.losmundialesdefutbol.com/jugadores/felix_welkenhuysen.php
Wels,Frank,"Wels, Frank",Paises Bajos,21 de febrero de 1909,Delantero,https://www.losmundialesdefutbol.com/jugadores/frank_wels.php
Welzl,Kurt,"Welzl, Kurt",Austria,6 de noviembre de 1954,Delantero,https://www.losmundialesdefutbol.com/jugadores/kurt_welzl.php
Wendt,Benny,"Wendt, Benny",Suecia,4 de noviembre de 1950,Delantero,https://www.losmundialesdefutbol.com/jugadores/benny_wendt.php
Werner,Juergen,"Werner, Juergen",Alemania Occidental,15 de agosto de 1935,Defensor,https://www.losmundialesdefutbol.com/jugadores/juergen_werner.php
Werner,Timo,Timo Werner,Alemania,6 de marzo de 1996,Delantero,https://www.losmundialesdefutbol.com/jugadores/timo_werner.php
West,Taribo,"West, Taribo",Nigeria,26 de marzo de 1974,Defensor,https://www.losmundialesdefutbol.com/jugadores/taribo_west.php
Wetl,Arnold,"Wetl, Arnold",Austria,2 de febrero de 1970,Mediocampista,https://www.losmundialesdefutbol.com/jugadores/arnold_wetl.php
Wetterstrom,Gustav,"Wetterstrom, Gustav",Suecia,15 de octubre de 1911,Delantero,https://www.losmundialesdefutbol.com/jugadores/gustav_wetterstrom.php
Wetzer,Rudolf,"Wetzer, Rudolf",Rumania,17 de marzo de 1901,Delantero,https://www.losmundialesdefutbol.com/jugadores/rudolf_wetzer.php
,Weverton,Weverton,Brasil,13 de diciembre de 1987,Arquero,https://www.losmundialesdefutbol.com/jugadores/weverton.php
Wewers,Heinz,"Wewers, Heinz",Alemania Occidental,27 de julio de 1927,Defensor,https://www.losmundialesdefutbol.com/jugadores/heinz_wewers.php
Whelan,Ronnie,"Whelan, Ronnie",Irlanda,25 de septiembre de 1961,Mediocampista,https://www.losmundialesdefutbol.com/jugadores/ronnie_whelan.php
White,Ben,Benjamin William White,Inglaterra,8 de octubre de 1997,Defensor,https://www.losmundialesdefutbol.com/jugadores/ben_white.php
Whiteside,Norman,"Whiteside, Norman",Irlanda del Norte,7 de mayo de 1965,Delantero,https://www.losmundialesdefutbol.com/jugadores/norman_whiteside.php
Whitley,Aurtis,"Whitley, Aurtis",Trinidad y Tobago,1 de mayo de 1977,Mediocampista,https://www.losmundialesdefutbol.com/jugadores/aurtis_whitley.php
Whitmore,Theodore,"Whitmore, Theodore",Jamaica,5 de agosto de 1972,Mediocampista,https://www.losmundialesdefutbol.com/jugadores/theodore_whitmore.php
Whyte,Derek,"Whyte, Derek",Escocia,31 de agosto de 1968,Defensor,https://www.losmundialesdefutbol.com/jugadores/derek_whyte.php
Wicky,Raphael,"Wicky, Raphael",Suiza,26 de abril de 1977,Mediocampista,https://www.losmundialesdefutbol.com/jugadores/raphael_wicky.php
Widlund,Eivar,"Widlund, Eivar",Suecia,1 de enero de 1906,Arquero,https://www.losmundialesdefutbol.com/jugadores/eivar_widlund.php
Widmer,Silvan,"Widmer, Silvan",Suiza,5 de marzo de 1993,Defensor,https://www.losmundialesdefutbol.com/jugadores/silvan_widmer.php
Wieczorek,Henryk,"Wieczorek, Henryk",Polonia,14 de diciembre de 1949,Mediocampista,https://www.losmundialesdefutbol.com/jugadores/henryk_wieczorek.php
Wieghorst,Morten,"Wieghorst, Morten",Dinamarca,25 de febrero de 1971,Mediocampista,https://www.losmundialesdefutbol.com/jugadores/morten_wieghorst.php
Wiese,Tim,"Wiese, Tim",Alemania,17 de diciembre de 1981,Arquero,https://www.losmundialesdefutbol.com/jugadores/tim_wiese.php
Wieteska,Mateusz,"Wieteska, Mateusz",Polonia,11 de febrero de 1997,Defensor,https://www.losmundialesdefutbol.com/jugadores/mateusz_wieteska.php
Wijnaldum,Georginio,"Wijnaldum, Georginio",Paises Bajos,11 de noviembre de 1990,Mediocampista,https://www.losmundialesdefutbol.com/jugadores/georginio_wijnaldum.php
Wilde,Federico,"Wilde, Federico",Argentina,1 de enero de 1909,Delantero,https://www.losmundialesdefutbol.com/jugadores/federico_wilde.php
Wilden,Leo,"Wilden, Leo",Alemania Occidental,3 de julio de 1936,Defensor,https://www.losmundialesdefutbol.com/jugadores/leo_wilden.php
Wildschut,Pieter,"Wildschut, Pieter",Paises Bajos,25 de octubre de 1957,Defensor,https://www.losmundialesdefutbol.com/jugadores/pieter_wildschut.php
Wilhelmsson,Christian,"Wilhelmsson, Christian",Suecia,8 de diciembre de 1979,Mediocampista,https://www.losmundialesdefutbol.com/jugadores/christian_wilhelmsson.php
Wilimowski,Ernest,"Wilimowski, Ernest",Polonia,23 de junio de 1916,Delantero,https://www.losmundialesdefutbol.com/jugadores/ernest_wilimowski.php
Wilkins,Ray,"Wilkins, Ray",Inglaterra,14 de septiembre de 1956,Mediocampista,https://www.losmundialesdefutbol.com/jugadores/ray_wilkins.php
Wilkinson,Alex,"Wilkinson, Alex",Australia,13 de agosto de 1984,Defensor,https://www.losmundialesdefutbol.com/jugadores/alex_wilkinson.php
Wilkshire,Luke,"Wilkshire, Luke",Australia,2 de octubre de 1981,"Defensor, Mediocampista",https://www.losmundialesdefutbol.com/jugadores/luke_wilkshire.php
Williams,Andrew,"Williams, Andrew",Jamaica,23 de septiembre de 1977,Delantero,https://www.losmundialesdefutbol.com/jugadores/andrew_williams.php
Williams,Bert,"Williams, Bert",Inglaterra,31 de enero de 1920,Arquero,https://www.losmundialesdefutbol.com/jugadores/bert_williams.php
Williams,Harry,"Williams, Harry",Australia,7 de mayo de 1951,Defensor,https://www.losmundialesdefutbol.com/jugadores/harry_williams.php
Williams,Inaki,"Williams, Inaki",Ghana,15 de junio de 1994,Delantero,https://www.losmundialesdefutbol.com/jugadores/inaki_williams.php
Williams,Jonny,"Williams, Jonny",Gales,9 de octubre de 1993,Mediocampista,https://www.losmundialesdefutbol.com/jugadores/jonny_williams.php
Williams,Neco,Neco Shay Williams,Gales,13 de abril de 2001,Defensor,https://www.losmundialesdefutbol.com/jugadores/neco_williams.php
Williams,Nico,"Williams, Nico",España,12 de julio de 2002,Delantero,https://www.losmundialesdefutbol.com/jugadores/nico_williams.php
Williams,Stuart,"Williams, Stuart",Gales,9 de julio de 1930,Defensor,https://www.losmundialesdefutbol.com/jugadores/stuart_williams.php
,Willian Borges da Silva,Willian Borges da Silva,Brasil,9 de agosto de 1988,Mediocampista,https://www.losmundialesdefutbol.com/jugadores/willian.php
Wilmots,Marc,"Wilmots, Marc",Bélgica,22 de febrero de 1969,"Delantero, Mediocampista",https://www.losmundialesdefutbol.com/jugadores/marc_wilmots.php
Wilshaw,Dennis,"Wilshaw, Dennis",Inglaterra,11 de marzo de 1926,Delantero,https://www.losmundialesdefutbol.com/jugadores/dennis_wilshaw.php
Wilshere,Jack,"Wilshere, Jack",Inglaterra,1 de enero de 1992,Mediocampista,https://www.losmundialesdefutbol.com/jugadores/jack_wilshere.php
Wilson,Alex,"Wilson, Alex",Escocia,29 de octubre de 1933,Defensor,https://www.losmundialesdefutbol.com/jugadores/alex_wilson.php
Wilson,Bruce,"Wilson, Bruce",Canadá,20 de junio de 1951,Defensor,https://www.losmundialesdefutbol.com/jugadores/bruce_wilson.php
Wilson,Callum,"Wilson, Callum",Inglaterra,27 de febrero de 1992,Delantero,https://www.losmundialesdefutbol.com/jugadores/callum_wilson.php
Wilson,Giuseppe,"Wilson, Giuseppe",Italia,27 de octubre de 1945,Defensor,https://www.losmundialesdefutbol.com/jugadores/giuseppe_wilson.php
Wilson,Harry,"Wilson, Harry",Gales,22 de marzo de 1997,Mediocampista,https://www.losmundialesdefutbol.com/jugadores/harry_wilson.php
Wilson,Peter,"Wilson, Peter",Australia,15 de septiembre de 1947,Defensor,https://www.losmundialesdefutbol.com/jugadores/peter_wilson.php
Wilson,Ray,"Wilson, Ray",Inglaterra,17 de diciembre de 1934,Defensor,https://www.losmundialesdefutbol.com/jugadores/ray_wilson.php
Wilson,Richard,"Wilson, Richard",Nueva Zelanda,8 de mayo de 1956,Arquero,https://www.losmundialesdefutbol.com/jugadores/richard_wilson.php
Wilson,Roan,Roan Roberto Wilson Gordon,Costa Rica,1 de mayo de 2002,Mediocampista,https://www.losmundialesdefutbol.com/jugadores/roan_wilson.php
,Wilson Piazza,Wilson Piazza,Brasil,25 de febrero de 1943,Defensor,https://www.losmundialesdefutbol.com/jugadores/wilson_piazza.php
Wiltord,Sylvain,"Wiltord, Sylvain",Francia,10 de mayo de 1974,Delantero,https://www.losmundialesdefutbol.com/jugadores/sylvain_wiltord.php
Wimmer,Herbert,"Wimmer, Herbert",Alemania Occidental,9 de noviembre de 1944,Mediocampista,https://www.losmundialesdefutbol.com/jugadores/herbert_wimmer.php
Wind,Jonas,Jonas Older Wind,Dinamarca,7 de febrero de 1999,Delantero,https://www.losmundialesdefutbol.com/jugadores/jonas_wind.php
Windischmann,Michael,"Windischmann, Michael",Estados Unidos,6 de diciembre de 1965,Defensor,https://www.losmundialesdefutbol.com/jugadores/michael_windischmann.php
Winter,Aron,"Winter, Aron",Paises Bajos,1 de marzo de 1967,Mediocampista,https://www.losmundialesdefutbol.com/jugadores/aron_winter.php
Wirth,Oscar,"Wirth, Oscar",Chile,5 de noviembre de 1955,Arquero,https://www.losmundialesdefutbol.com/jugadores/oscar_wirth.php
Wise,Evans,"Wise, Evans",Trinidad y Tobago,23 de noviembre de 1973,Delantero,https://www.losmundialesdefutbol.com/jugadores/evans_wise.php
Wisnieski,Maryan,"Wisnieski, Maryan",Francia,1 de febrero de 1937,Delantero,https://www.losmundialesdefutbol.com/jugadores/maryan_wisnieski.php
Withe,Peter,"Withe, Peter",Inglaterra,30 de agosto de 1951,Delantero,https://www.losmundialesdefutbol.com/jugadores/peter_withe.php
Witschge,Richard,"Witschge, Richard",Paises Bajos,20 de septiembre de 1969,Mediocampista,https://www.losmundialesdefutbol.com/jugadores/richard_witschge.php
Witschge,Rob,"Witschge, Rob",Paises Bajos,22 de agosto de 1966,Mediocampista,https://www.losmundialesdefutbol.com/jugadores/rob_witschge.php
Witsel,Axel,Axel Laurent Angel Lambert Witsel,Bélgica,12 de enero de 1989,Mediocampista,https://www.losmundialesdefutbol.com/jugadores/axel_witsel.php
Wodarz,Gerard,"Wodarz, Gerard",Polonia,10 de agosto de 1913,Delantero,https://www.losmundialesdefutbol.com/jugadores/gerard_wodarz.php
Woelfli,Marco,"Woelfli, Marco",Suiza,22 de agosto de 1982,Arquero,https://www.losmundialesdefutbol.com/jugadores/marco_woelfli.php
Woerns,Christian,"Woerns, Christian",Alemania,10 de mayo de 1972,Defensor,https://www.losmundialesdefutbol.com/jugadores/christian_woerns.php
Wohlfahrt,Franz,"Wohlfahrt, Franz",Austria,1 de julio de 1964,Arquero,https://www.losmundialesdefutbol.com/jugadores/franz_wohlfahrt.php
Wojcicki,Roman,"Wojcicki, Roman",Polonia,8 de enero de 1958,Defensor,https://www.losmundialesdefutbol.com/jugadores/roman_wojcicki.php
Wolanin,Adam,"Wolanin, Adam",Estados Unidos,13 de noviembre de 1919,Delantero,https://www.losmundialesdefutbol.com/jugadores/adam_wolanin.php
Wolfe,Anthony,"Wolfe, Anthony",Trinidad y Tobago,23 de diciembre de 1983,Mediocampista,https://www.losmundialesdefutbol.com/jugadores/anthony_wolfe.php
Wolff,Enrique,"Wolff, Enrique",Argentina,21 de febrero de 1949,Defensor,https://www.losmundialesdefutbol.com/jugadores/enrique_wolff.php
Wolff,Josh,"Wolff, Josh",Estados Unidos,25 de febrero de 1977,Delantero,https://www.losmundialesdefutbol.com/jugadores/josh_wolff.php
Wolter,Horst,"Wolter, Horst",Alemania Occidental,8 de junio de 1942,Arquero,https://www.losmundialesdefutbol.com/jugadores/horst_wolter.php
Wome,Pierre,"Wome, Pierre",Camerún,26 de marzo de 1979,Defensor,https://www.losmundialesdefutbol.com/jugadores/pierre_wome.php
Wondolowski,Chris,"Wondolowski, Chris",Estados Unidos,28 de julio de 1983,Delantero,https://www.losmundialesdefutbol.com/jugadores/chris_wondolowski.php
Woo,Sang Kwon,"Woo, Sang Kwon",Corea del Sur,2 de febrero de 1926,Delantero,https://www.losmundialesdefutbol.com/jugadores/sang_kwon_woo.php
Wood,Alexander,"Wood, Alexander",Estados Unidos,12 de junio de 1907,Defensor,https://www.losmundialesdefutbol.com/jugadores/alexander_wood.php
Wood,Chris,"Wood, Chris",Nueva Zelanda,7 de diciembre de 1991,Delantero,https://www.losmundialesdefutbol.com/jugadores/chris_wood.php
Wood,George,"Wood, George",Escocia,26 de septiembre de 1952,Arquero,https://www.losmundialesdefutbol.com/jugadores/george_wood.php
Woodcock,Tony,"Woodcock, Tony",Inglaterra,6 de diciembre de 1955,Delantero,https://www.losmundialesdefutbol.com/jugadores/tony_woodcock.php
Wooddin,Steve,"Wooddin, Steve",Nueva Zelanda,16 de enero de 1955,Delantero,https://www.losmundialesdefutbol.com/jugadores/steve_wooddin.php
Woods,Chris,"Woods, Chris",Inglaterra,14 de noviembre de 1959,Arquero,https://www.losmundialesdefutbol.com/jugadores/chris_woods.php
Wooh,Christopher,Christopher Maurice Wooh,Camerún,18 de septiembre de 2001,Defensor,https://www.losmundialesdefutbol.com/jugadores/christopher_wooh.php
Worm,Ronald,"Worm, Ronald",Alemania Occidental,7 de octubre de 1953,Delantero,https://www.losmundialesdefutbol.com/jugadores/ronald_worm.php
Worthington,Nigel,"Worthington, Nigel",Irlanda del Norte,4 de noviembre de 1961,Defensor,https://www.losmundialesdefutbol.com/jugadores/nigel_worthington.php
Wotherspoon,David,David Wallace Wotherspoon,Canadá,16 de enero de 1990,Mediocampista,https://www.losmundialesdefutbol.com/jugadores/david_wotherspoon.php
Wouters,Jan,"Wouters, Jan",Paises Bajos,17 de julio de 1960,Mediocampista,https://www.losmundialesdefutbol.com/jugadores/jan_wouters.php
Wright,Bailey,"Wright, Bailey",Australia,28 de julio de 1992,Defensor,https://www.losmundialesdefutbol.com/jugadores/bailey_wright.php
Wright,Billy,"Wright, Billy",Inglaterra,6 de febrero de 1924,Defensor,https://www.losmundialesdefutbol.com/jugadores/billy_wright.php
Wright,Haji,"Wright, Haji",Estados Unidos,27 de marzo de 1998,Delantero,https://www.losmundialesdefutbol.com/jugadores/haji_wright.php
Wright,Mark,"Wright, Mark",Inglaterra,1 de agosto de 1963,Defensor,https://www.losmundialesdefutbol.com/jugadores/mark_wright.php
Wright,Mauricio,"Wright, Mauricio",Costa Rica,20 de diciembre de 1970,Defensor,https://www.losmundialesdefutbol.com/jugadores/mauricio_wright.php
Wright,Tommy,"Wright, Tommy",Inglaterra,21 de octubre de 1944,Defensor,https://www.losmundialesdefutbol.com/jugadores/tommy_wright.php
Wright-Phillips,Shaun,"Wright-Phillips, Shaun",Inglaterra,25 de octubre de 1981,Mediocampista,https://www.losmundialesdefutbol.com/jugadores/shaun_wright_phillips.php
Wu,Chengying,"Wu, Chengying",China,21 de abril de 1975,Defensor,https://www.losmundialesdefutbol.com/jugadores/chengying_wu.php
Wuethrich,Rolf,"Wuethrich, Rolf",Suiza,4 de septiembre de 1938,Mediocampista,https://www.losmundialesdefutbol.com/jugadores/rolf_wuethrich.php
Wynalda,Eric,"Wynalda, Eric",Estados Unidos,9 de junio de 1969,Delantero,https://www.losmundialesdefutbol.com/jugadores/eric_wynalda.php
Wyss,Thomas,"Wyss, Thomas",Suiza,29 de agosto de 1966,Mediocampista,https://www.losmundialesdefutbol.com/jugadores/thomas_wyss.php
,Xavier Hernández Creus,Xavier Hernández Creus,España,25 de enero de 1980,Mediocampista,https://www.losmundialesdefutbol.com/jugadores/xavi.php
Xhaka,Granit,Granit Xhaka,Suiza,27 de septiembre de 1992,Mediocampista,https://www.losmundialesdefutbol.com/jugadores/granit_xhaka.php
Xu,Yunlong,"Xu, Yunlong",China,17 de febrero de 1979,Defensor,https://www.losmundialesdefutbol.com/jugadores/yunlong_xu.php
Xuereb,Daniel,"Xuereb, Daniel",Francia,22 de junio de 1959,Delantero,https://www.losmundialesdefutbol.com/jugadores/daniel_xuereb.php
Ya Konan,Didier,"Ya Konan, Didier",Costa de Marfil,22 de mayo de 1984,Delantero,https://www.losmundialesdefutbol.com/jugadores/didier_ya_konan.php
Yahi,Hocine,"Yahi, Hocine",Argelia,25 de abril de 1960,Mediocampista,https://www.losmundialesdefutbol.com/jugadores/hocine_yahi.php
Yahia,Alaeddine,"Yahia, Alaeddine",Túnez,26 de septiembre de 1981,Defensor,https://www.losmundialesdefutbol.com/jugadores/alaeddine_yahia.php
Yahia,Anther,"Yahia, Anther",Argelia,21 de marzo de 1982,Defensor,https://www.losmundialesdefutbol.com/jugadores/anther_yahia.php
Yakan,Hesham,"Yakan, Hesham",Egipto,10 de agosto de 1962,Mediocampista,https://www.losmundialesdefutbol.com/jugadores/hesham_yakan.php
Yakimov,Dimitar,"Yakimov, Dimitar",Bulgaria,12 de agosto de 1941,Delantero,https://www.losmundialesdefutbol.com/jugadores/dimitar_yakimov.php
Yakin,Hakan,"Yakin, Hakan",Suiza,22 de febrero de 1977,Mediocampista,https://www.losmundialesdefutbol.com/jugadores/hakan_yakin.php
Yakovenko,Pavel,"Yakovenko, Pavel",URSS,19 de diciembre de 1964,Mediocampista,https://www.losmundialesdefutbol.com/jugadores/pavel_yakovenko.php
Yamaguchi,Hotaru,Hotaru Yamaguchi,Japón,6 de octubre de 1990,Mediocampista,https://www.losmundialesdefutbol.com/jugadores/hotaru_yamaguchi.php
Yamaguchi,Motohiro,"Yamaguchi, Motohiro",Japón,29 de enero de 1969,Mediocampista,https://www.losmundialesdefutbol.com/jugadores/motohiro_yamaguchi.php
Yamane,Miki,"Yamane, Miki",Japón,22 de diciembre de 1993,Defensor,https://www.losmundialesdefutbol.com/jugadores/miki_yamane.php
Yanagisawa,Atsushi,"Yanagisawa, Atsushi",Japón,27 de mayo de 1977,Delantero,https://www.losmundialesdefutbol.com/jugadores/atsushi_yanagisawa.php
Yanchovski,Evgeni,"Yanchovski, Evgeni",Bulgaria,5 de septiembre de 1939,Mediocampista,https://www.losmundialesdefutbol.com/jugadores/evgeni_yanchovski.php
Yanez,Patricio,"Yanez, Patricio",Chile,20 de enero de 1961,Delantero,https://www.losmundialesdefutbol.com/jugadores/patricio_yanez.php
Yang,Chen,"Yang, Chen",China,17 de enero de 1974,Delantero,https://www.losmundialesdefutbol.com/jugadores/chen_yang.php
Yang,Pu,"Yang, Pu",China,30 de marzo de 1978,Defensor,https://www.losmundialesdefutbol.com/jugadores/pu_yang.php
Yang,Seung Kook,"Yang, Seung Kook",Corea del Norte,19 de agosto de 1944,Delantero,https://www.losmundialesdefutbol.com/jugadores/seung_kook_yang.php
Yankov,Zlatko,"Yankov, Zlatko",Bulgaria,7 de junio de 1966,Mediocampista,https://www.losmundialesdefutbol.com/jugadores/zlatko_yankov.php
Yano,Kisho,"Yano, Kisho",Japón,5 de abril de 1984,Delantero,https://www.losmundialesdefutbol.com/jugadores/kisho_yano.php
Yapi Yapo,Gilles,"Yapi Yapo, Gilles",Costa de Marfil,30 de enero de 1982,Mediocampista,https://www.losmundialesdefutbol.com/jugadores/gilles_yapi_yapo.php
Yaremchuk,Ivan,"Yaremchuk, Ivan",URSS,19 de marzo de 1962,Mediocampista,https://www.losmundialesdefutbol.com/jugadores/ivan_yaremchuk.php
Yashin,Lev,"Yashin, Lev",URSS,22 de octubre de 1929,Arquero,https://www.losmundialesdefutbol.com/jugadores/lev_yashin.php
Yassin,Rabie,"Yassin, Rabie",Egipto,7 de septiembre de 1960,Defensor,https://www.losmundialesdefutbol.com/jugadores/rabie_yassin.php
Yavar,Guillermo,"Yavar, Guillermo",Chile,26 de marzo de 1943,"Delantero, Mediocampista",https://www.losmundialesdefutbol.com/jugadores/guillermo_yavar.php
Yazalde,Hector,"Yazalde, Hector",Argentina,29 de mayo de 1946,Delantero,https://www.losmundialesdefutbol.com/jugadores/hector_yazalde.php
Yearwood,Gilberto,"Yearwood, Gilberto",Honduras,15 de marzo de 1956,Mediocampista,https://www.losmundialesdefutbol.com/jugadores/gilberto_yearwood.php
Yebda,Hassan,"Yebda, Hassan",Argelia,14 de mayo de 1984,Mediocampista,https://www.losmundialesdefutbol.com/jugadores/hassan_yebda.php
Yeboah,Daniel,"Yeboah, Daniel",Costa de Marfil,13 de noviembre de 1984,Arquero,https://www.losmundialesdefutbol.com/jugadores/daniel_yeboah.php
Yedlin,DeAndre,"Yedlin, DeAndre",Estados Unidos,9 de julio de 1993,Defensor,https://www.losmundialesdefutbol.com/jugadores/deandre_yedlin.php
Yegros,Julio Cesar,"Yegros, Julio Cesar",Paraguay,31 de enero de 1971,Delantero,https://www.losmundialesdefutbol.com/jugadores/julio_cesar_yegros.php
Yekini,Rasheed,"Yekini, Rasheed",Nigeria,23 de octubre de 1963,Delantero,https://www.losmundialesdefutbol.com/jugadores/rasheed_yekini.php
Yeom,Ki Hun,"Yeom, Ki Hun",Corea del Sur,30 de marzo de 1983,Mediocampista,https://www.losmundialesdefutbol.com/jugadores/ki_hun_yeom.php
Yepes,Mario,"Yepes, Mario",Colombia,13 de enero de 1976,Defensor,https://www.losmundialesdefutbol.com/jugadores/mario_yepes.php
Yerokhin,Aleksandr,Aleksandr Yuryevich Yerokhin,Rusia,13 de octubre de 1989,Mediocampista,https://www.losmundialesdefutbol.com/jugadores/aleksandr_yerokhin.php
Yerokhin,Vladimir,"Yerokhin, Vladimir",URSS,10 de abril de 1930,Defensor,https://www.losmundialesdefutbol.com/jugadores/vladimir_yerokhin.php
Yeshchenko,Andrey,"Yeshchenko, Andrey",Rusia,9 de febrero de 1984,Defensor,https://www.losmundialesdefutbol.com/jugadores/andrey_yeshchenko.php
Yevryuzhikhin,Gennadi,"Yevryuzhikhin, Gennadi",URSS,4 de febrero de 1944,Delantero,https://www.losmundialesdefutbol.com/jugadores/gennadi_yevryuzhikhin.php
Yevtushenko,Vadim,"Yevtushenko, Vadim",URSS,1 de enero de 1958,Delantero,https://www.losmundialesdefutbol.com/jugadores/vadim_yevtushenko.php
Yezerskyi,Vladimir,"Yezerskyi, Vladimir",Ucrania,15 de noviembre de 1976,Defensor,https://www.losmundialesdefutbol.com/jugadores/vladimir_yezerskyi.php
Yobo,Joseph,"Yobo, Joseph",Nigeria,6 de septiembre de 1980,"Defensor, Mediocampista",https://www.losmundialesdefutbol.com/jugadores/joseph_yobo.php
Yombi,Alphonse,"Yombi, Alphonse",Camerún,30 de junio de 1969,Defensor,https://www.losmundialesdefutbol.com/jugadores/alphonse_yombi.php
Yoo,Byung Ok,"Yoo, Byung Ok",Corea del Sur,2 de marzo de 1964,Defensor,https://www.losmundialesdefutbol.com/jugadores/byung_ok_yoo.php
Yoo,Sang Chul,"Yoo, Sang Chul",Corea del Sur,18 de octubre de 1971,"Defensor, Mediocampista",https://www.losmundialesdefutbol.com/jugadores/sang_chul_yoo.php
Yoon,Deok Yeo,"Yoon, Deok Yeo",Corea del Sur,25 de marzo de 1961,Defensor,https://www.losmundialesdefutbol.com/jugadores/deok_yeo_yoon.php
Yoon,Jong Hwan,"Yoon, Jong Hwan",Corea del Sur,16 de febrero de 1973,Mediocampista,https://www.losmundialesdefutbol.com/jugadores/jong_hwan_yoon.php
Yoon,Jong-gyu,Yoon Jong-gyu,Corea del Sur,20 de marzo de 1998,Defensor,https://www.losmundialesdefutbol.com/jugadores/jong_gyu_yoon.php
Yordanov,Georgi,"Yordanov, Georgi",Bulgaria,21 de julio de 1963,Mediocampista,https://www.losmundialesdefutbol.com/jugadores/georgi_yordanov.php
Yordanov,Ivaylo,"Yordanov, Ivaylo",Bulgaria,22 de abril de 1968,Mediocampista,https://www.losmundialesdefutbol.com/jugadores/ivaylo_yordanov.php
Yordanov,Stoyan,"Yordanov, Stoyan",Bulgaria,29 de enero de 1944,Arquero,https://www.losmundialesdefutbol.com/jugadores/stoyan_yordanov.php
Yorke,Dwight,"Yorke, Dwight",Trinidad y Tobago,3 de noviembre de 1971,Delantero,https://www.losmundialesdefutbol.com/jugadores/dwight_yorke.php
Yoshida,Maya,Maya Yoshida,Japón,24 de agosto de 1988,Defensor,https://www.losmundialesdefutbol.com/jugadores/maya_yoshida.php
Yotov,Velko,"Yotov, Velko",Bulgaria,26 de agosto de 1970,Delantero,https://www.losmundialesdefutbol.com/jugadores/velko_yotov.php
Yotún,Yoshimar,Víctor Yoshimar Yotun Flores,Perú,7 de abril de 1990,Mediocampista,https://www.losmundialesdefutbol.com/jugadores/yoshimar_yotun.php
Young,Ashley,Ashley Simon Young,Inglaterra,9 de julio de 1985,Defensor,https://www.losmundialesdefutbol.com/jugadores/ashley_young.php
Younger,Tommy,"Younger, Tommy",Escocia,10 de abril de 1930,Arquero,https://www.losmundialesdefutbol.com/jugadores/tommy_younger.php
Youssef,Ismail,"Youssef, Ismail",Egipto,28 de junio de 1964,Mediocampista,https://www.losmundialesdefutbol.com/jugadores/ismail_youssef.php
,Yousuf Hussain,Yousuf Hussain,Emiratos Arabes,8 de julio de 1965,Defensor,https://www.losmundialesdefutbol.com/jugadores/yousuf_hussain.php
Yu,Genwei,"Yu, Genwei",China,19 de agosto de 1976,Mediocampista,https://www.losmundialesdefutbol.com/jugadores/genwei_yu.php
Yun,Suk-Young,"Yun, Suk-Young",Corea del Sur,13 de febrero de 1990,Defensor,https://www.losmundialesdefutbol.com/jugadores/suk_young_yun.php
Yun,Young-sun,Young-sun Yun,Corea del Sur,4 de octubre de 1988,Defensor,https://www.losmundialesdefutbol.com/jugadores/young_sun_yun.php
Yung,Kook Chin,"Yung, Kook Chin",Corea del Sur,2 de enero de 1917,Delantero,https://www.losmundialesdefutbol.com/jugadores/kook_chin_yung.php
Yuran,Sergei,"Yuran, Sergei",Rusia,11 de junio de 1969,Delantero,https://www.losmundialesdefutbol.com/jugadores/sergei_yuran.php
Yurary Poulsen,Yussuf,Yussuf Yurary Poulsen,Dinamarca,15 de junio de 1994,Delantero,https://www.losmundialesdefutbol.com/jugadores/yussuf_poulsen.php
Zabala,Cesar,"Zabala, Cesar",Paraguay,3 de junio de 1961,Defensor,https://www.losmundialesdefutbol.com/jugadores/cesar_zabala.php
Zabaleta,Pablo,"Zabaleta, Pablo",Argentina,16 de enero de 1985,Defensor,https://www.losmundialesdefutbol.com/jugadores/pablo_zabaleta.php
,Zabalo,Zabalo,España,10 de junio de 1910,Defensor,https://www.losmundialesdefutbol.com/jugadores/zabalo.php
Zabavnik,Radoslav,"Zabavnik, Radoslav",Eslovaquia,16 de septiembre de 1980,Defensor,https://www.losmundialesdefutbol.com/jugadores/radoslav_zabavnik.php
Zaccardo,Cristian,"Zaccardo, Cristian",Italia,21 de diciembre de 1981,Defensor,https://www.losmundialesdefutbol.com/jugadores/cristian_zaccardo.php
Zaccarelli,Renato,"Zaccarelli, Renato",Italia,18 de enero de 1951,Mediocampista,https://www.losmundialesdefutbol.com/jugadores/renato_zaccarelli.php
Zafirov,Adalbert,"Zafirov, Adalbert",Bulgaria,29 de septiembre de 1969,Defensor,https://www.losmundialesdefutbol.com/jugadores/adalbert_zafirov.php
Zafirov,Ivan,"Zafirov, Ivan",Bulgaria,30 de diciembre de 1947,Defensor,https://www.losmundialesdefutbol.com/jugadores/ivan_zafirov.php
,Zagallo,Zagallo,Brasil,9 de agosto de 1931,Delantero,https://www.losmundialesdefutbol.com/jugadores/zagallo.php
,Zague,Zague,México,23 de mayo de 1967,Delantero,https://www.losmundialesdefutbol.com/jugadores/zague.php
Zahovic,Zlatko,"Zahovic, Zlatko",Eslovenia,1 de febrero de 1971,Mediocampista,https://www.losmundialesdefutbol.com/jugadores/zlatko_zahovic.php
Zaid,Mabrouk,"Zaid, Mabrouk",Arabia Saudita,11 de febrero de 1979,Arquero,https://www.losmundialesdefutbol.com/jugadores/mabrouk_zaid.php
Zajec,Velimir,"Zajec, Velimir",Yugoslavia,12 de febrero de 1956,Defensor,https://www.losmundialesdefutbol.com/jugadores/velimir_zajec.php
Zakaria,Denis,Denis Lemi Zakaria Lako Lado,Suiza,20 de noviembre de 1996,Mediocampista,https://www.losmundialesdefutbol.com/jugadores/denis_zakaria.php
Zakarias,Jozsef,"Zakarias, Jozsef",Hungría,25 de marzo de 1924,Mediocampista,https://www.losmundialesdefutbol.com/jugadores/jozsef_zakarias.php
Zaki,Badou,"Zaki, Badou",Marruecos,2 de abril de 1959,Arquero,https://www.losmundialesdefutbol.com/jugadores/badou_zaki.php
Zalewski,Nicola,"Zalewski, Nicola",Polonia,23 de enero de 2002,Defensor,https://www.losmundialesdefutbol.com/jugadores/nicola_zalewski.php
Zambo Anguissa,André-Frank,André-Frank Zambo Anguissa,Camerún,16 de noviembre de 1995,Mediocampista,https://www.losmundialesdefutbol.com/jugadores/andre_frank_zambo_anguissa.php
Zambrotta,Gianluca,"Zambrotta, Gianluca",Italia,19 de febrero de 1977,"Defensor, Mediocampista",https://www.losmundialesdefutbol.com/jugadores/gianluca_zambrotta.php
Zamora,Álvaro,Álvaro José Zamora Mata,Costa Rica,9 de marzo de 2002,Mediocampista,https://www.losmundialesdefutbol.com/jugadores/alvaro_zamora.php
Zamora,Jesus,"Zamora, Jesus",España,1 de enero de 1955,Mediocampista,https://www.losmundialesdefutbol.com/jugadores/jesus_zamora.php
Zamora,Ricardo,"Zamora, Ricardo",España,21 de enero de 1901,Arquero,https://www.losmundialesdefutbol.com/jugadores/ricardo_zamora.php
Zamorano,Ivan,"Zamorano, Ivan",Chile,18 de enero de 1967,Delantero,https://www.losmundialesdefutbol.com/jugadores/ivan_zamorano.php
Zandi,Ferydoon,"Zandi, Ferydoon",Irán,26 de abril de 1979,Mediocampista,https://www.losmundialesdefutbol.com/jugadores/ferydoon_zandi.php
Zanetti,Cristiano,"Zanetti, Cristiano",Italia,10 de abril de 1977,Mediocampista,https://www.losmundialesdefutbol.com/jugadores/cristiano_zanetti.php
Zanetti,Javier,"Zanetti, Javier",Argentina,10 de agosto de 1973,"Defensor, Mediocampista",https://www.losmundialesdefutbol.com/jugadores/javier_zanetti.php
Zapata,Cristian,Cristián Eduardo Zapata Valencia,Colombia,30 de septiembre de 1986,Defensor,https://www.losmundialesdefutbol.com/jugadores/cristian_zapata.php
Zarincheh,Javad,"Zarincheh, Javad",Irán,23 de julio de 1966,Defensor,https://www.losmundialesdefutbol.com/jugadores/javad_zarincheh.php
Zaroury,Anass,Anass Zaroury,Marruecos,7 de noviembre de 2000,Mediocampista,https://www.losmundialesdefutbol.com/jugadores/anass_zaroury.php
,Zarra,Zarra,España,20 de enero de 1921,Delantero,https://www.losmundialesdefutbol.com/jugadores/zarra.php
Zatelli,Mario,"Zatelli, Mario",Francia,21 de diciembre de 1912,Delantero,https://www.losmundialesdefutbol.com/jugadores/mario_zatelli.php
Zauber,Samuel,"Zauber, Samuel",Rumania,1 de enero de 1901,Arquero,https://www.losmundialesdefutbol.com/jugadores/samuel_zauber.php
Zavarov,Aleksandr,"Zavarov, Aleksandr",URSS,20 de abril de 1961,Mediocampista,https://www.losmundialesdefutbol.com/jugadores/aleksandr_zavarov.php
Zdravkov,Radoslav,"Zdravkov, Radoslav",Bulgaria,30 de julio de 1956,Defensor,https://www.losmundialesdefutbol.com/jugadores/radoslav_zdravkov.php
Zdravkov,Zdravko,"Zdravkov, Zdravko",Bulgaria,4 de octubre de 1970,Arquero,https://www.losmundialesdefutbol.com/jugadores/zdravko_zdravkov.php
,Ze Carlos,Ze Carlos,Brasil,7 de febrero de 1962,Arquero,https://www.losmundialesdefutbol.com/jugadores/ze_carlos.php
,Ze Carlos Ii,Ze Carlos Ii,Brasil,14 de noviembre de 1967,Mediocampista,https://www.losmundialesdefutbol.com/jugadores/ze_carlos_ii.php
,Ze Kalanga,Ze Kalanga,Angola,12 de octubre de 1983,Mediocampista,https://www.losmundialesdefutbol.com/jugadores/ze_kalanga.php
,Ze Luis,Ze Luis,Brasil,16 de noviembre de 1904,Defensor,https://www.losmundialesdefutbol.com/jugadores/ze_luis.php
,Ze Maria,Ze Maria,Brasil,18 de mayo de 1949,Defensor,https://www.losmundialesdefutbol.com/jugadores/ze_maria.php
,Ze Roberto,Ze Roberto,Brasil,6 de julio de 1974,Mediocampista,https://www.losmundialesdefutbol.com/jugadores/ze_roberto.php
,Ze Sergio,Ze Sergio,Brasil,8 de marzo de 1957,Delantero,https://www.losmundialesdefutbol.com/jugadores/ze_sergio.php
Zebec,Branko,"Zebec, Branko",Yugoslavia,17 de mayo de 1929,Mediocampista,https://www.losmundialesdefutbol.com/jugadores/branko_zebec.php
Zekovic,Milan,"Zekovic, Milan",Yugoslavia,15 de noviembre de 1925,Defensor,https://www.losmundialesdefutbol.com/jugadores/milan_zekovic.php
Zelada,Hector,"Zelada, Hector",Argentina,30 de abril de 1957,Arquero,https://www.losmundialesdefutbol.com/jugadores/hector_zelada.php
Zelaya,Hector,"Zelaya, Hector",Honduras,12 de julio de 1957,Mediocampista,https://www.losmundialesdefutbol.com/jugadores/hector_zelaya.php
Zelenika,Oliver,"Zelenika, Oliver",Croacia,14 de mayo de 1993,Arquero,https://www.losmundialesdefutbol.com/jugadores/oliver_zelenika.php
Zeman,Josef,"Zeman, Josef",Checoslovaquia,23 de enero de 1915,Delantero,https://www.losmundialesdefutbol.com/jugadores/josef_zeman.php
Zeman,Walter,"Zeman, Walter",Austria,1 de mayo de 1927,Arquero,https://www.losmundialesdefutbol.com/jugadores/walter_zeman.php
Zemmamouche,Mohamed,"Zemmamouche, Mohamed",Argelia,19 de marzo de 1985,Arquero,https://www.losmundialesdefutbol.com/jugadores/mohamed_zemmamouche.php
Zenden,Boudewijn,"Zenden, Boudewijn",Paises Bajos,15 de agosto de 1976,Mediocampista,https://www.losmundialesdefutbol.com/jugadores/boudewijn_zenden.php
Zenga,Walter,"Zenga, Walter",Italia,28 de abril de 1960,Arquero,https://www.losmundialesdefutbol.com/jugadores/walter_zenga.php
Zenisek,Ladislav,"Zenisek, Ladislav",Checoslovaquia,7 de marzo de 1904,Defensor,https://www.losmundialesdefutbol.com/jugadores/ladislav_zenisek.php
Zeoli,Adolfo,"Zeoli, Adolfo",Uruguay,2 de mayo de 1962,Arquero,https://www.losmundialesdefutbol.com/jugadores/adolfo_zeoli.php
,Zequinha,Zequinha,Brasil,18 de noviembre de 1934,Mediocampista,https://www.losmundialesdefutbol.com/jugadores/zequinha.php
Zetter,Felipe,"Zetter, Felipe",México,3 de julio de 1923,Defensor,https://www.losmundialesdefutbol.com/jugadores/felipe_zetter.php
,Zetti,Zetti,Brasil,10 de enero de 1965,Arquero,https://www.losmundialesdefutbol.com/jugadores/zetti.php
Zewe,Gerd,"Zewe, Gerd",Alemania Occidental,13 de junio de 1950,Mediocampista,https://www.losmundialesdefutbol.com/jugadores/gerd_zewe.php
Zewlakow,Marcin,"Zewlakow, Marcin",Polonia,22 de abril de 1976,Delantero,https://www.losmundialesdefutbol.com/jugadores/marcin_zewlakow.php
Zewlakow,Michal,"Zewlakow, Michal",Polonia,22 de abril de 1976,Defensor,https://www.losmundialesdefutbol.com/jugadores/michal_zewlakow.php
,Zeze Procopio,Zeze Procopio,Brasil,12 de agosto de 1913,Mediocampista,https://www.losmundialesdefutbol.com/jugadores/zeze_procopio.php
Zgutczynski,Andrzej,"Zgutczynski, Andrzej",Polonia,1 de enero de 1958,Delantero,https://www.losmundialesdefutbol.com/jugadores/andrzej_zgutczynski.php
Zhang,Enhua,"Zhang, Enhua",China,11 de mayo de 1974,Defensor,https://www.losmundialesdefutbol.com/jugadores/enhua_zhang.php
Zhao,Junzhe,"Zhao, Junzhe",China,18 de abril de 1979,Mediocampista,https://www.losmundialesdefutbol.com/jugadores/junzhe_zhao.php
Zhechev,Dobromir,Dobromir Georgiev Zhechev,Bulgaria,12 de noviembre de 1942,Defensor,https://www.losmundialesdefutbol.com/jugadores/dobromir_zhechev.php
Zhekov,Petar,"Zhekov, Petar",Bulgaria,10 de octubre de 1944,Delantero,https://www.losmundialesdefutbol.com/jugadores/petar_zhekov.php
Zhelyazkov,Andrei,"Zhelyazkov, Andrei",Bulgaria,9 de julio de 1952,Mediocampista,https://www.losmundialesdefutbol.com/jugadores/andrei_zhelyazkov.php
Zhirkov,Yuri,Yuri Valentinovich Zhirkov,Rusia,20 de agosto de 1983,Mediocampista,https://www.losmundialesdefutbol.com/jugadores/yuri_zhirkov.php
Ziani,Karim,"Ziani, Karim",Argelia,17 de agosto de 1982,Mediocampista,https://www.losmundialesdefutbol.com/jugadores/karim_ziani.php
,Zico,Zico,Brasil,3 de marzo de 1953,Mediocampista,https://www.losmundialesdefutbol.com/jugadores/zico.php
Zidane,Djamel,"Zidane, Djamel",Argelia,28 de abril de 1955,Mediocampista,https://www.losmundialesdefutbol.com/jugadores/djamel_zidane.php
Zidane,Zinedine,Zinedine Zidane,Francia,23 de junio de 1972,Mediocampista,https://www.losmundialesdefutbol.com/jugadores/zinedine_zidane.php
Ziege,Christian,"Ziege, Christian",Alemania,1 de febrero de 1972,"Defensor, Mediocampista",https://www.losmundialesdefutbol.com/jugadores/christian_ziege.php
Ziegler,Reto,"Ziegler, Reto",Suiza,16 de enero de 1986,Defensor,https://www.losmundialesdefutbol.com/jugadores/reto_ziegler.php
Zieler,Ron-Robert,"Zieler, Ron-Robert",Alemania,12 de enero de 1989,Arquero,https://www.losmundialesdefutbol.com/jugadores/ron_robert_zieler.php
Zielinski,Jacek,"Zielinski, Jacek",Polonia,10 de octubre de 1967,Defensor,https://www.losmundialesdefutbol.com/jugadores/jacek_zielinski.php
Zielinski,Paul,"Zielinski, Paul",Alemania,20 de noviembre de 1911,Mediocampista,https://www.losmundialesdefutbol.com/jugadores/paul_zielinski.php
Zieliński,Piotr,Piotr Sebastian Zieliński,Polonia,20 de mayo de 1994,Mediocampista,https://www.losmundialesdefutbol.com/jugadores/piotr_zielinski.php
Zigic,Nikola,"Zigic, Nikola",Serbia y Montenegro,25 de septiembre de 1980,Delantero,https://www.losmundialesdefutbol.com/jugadores/nikola_zigic.php
Zikan,Zdenek,"Zikan, Zdenek",Checoslovaquia,10 de noviembre de 1937,Delantero,https://www.losmundialesdefutbol.com/jugadores/zdenek_zikan.php
Zikov,Valeri,"Zikov, Valeri",URSS,24 de febrero de 1944,Defensor,https://www.losmundialesdefutbol.com/jugadores/valeri_zikov.php
Zimmerman,Walker,"Zimmerman, Walker",Estados Unidos,19 de mayo de 1993,Defensor,https://www.losmundialesdefutbol.com/jugadores/walker_zimmerman.php
Zimmermann,Herbert,"Zimmermann, Herbert",Alemania Occidental,1 de julio de 1954,Defensor,https://www.losmundialesdefutbol.com/jugadores/herbert_zimmermann.php
,Zinha,Zinha,México,23 de mayo de 1976,Mediocampista,https://www.losmundialesdefutbol.com/jugadores/zinha.php
,Zinho,Zinho,Brasil,17 de junio de 1967,Mediocampista,https://www.losmundialesdefutbol.com/jugadores/zinho.php
Zischek,Karl,"Zischek, Karl",Austria,28 de agosto de 1910,Delantero,https://www.losmundialesdefutbol.com/jugadores/karl_zischek.php
,Zito,Zito,Brasil,8 de agosto de 1932,Mediocampista,https://www.losmundialesdefutbol.com/jugadores/zito.php
Zitouni,Ali,"Zitouni, Ali",Túnez,11 de enero de 1981,Delantero,https://www.losmundialesdefutbol.com/jugadores/ali_zitouni.php
Živković,Andrija,Andrija Živković,Serbia,11 de julio de 1996,Mediocampista,https://www.losmundialesdefutbol.com/jugadores/andrija_zivkovic.php
Zivkovic,Boris,"Zivkovic, Boris",Croacia,15 de noviembre de 1975,Defensor,https://www.losmundialesdefutbol.com/jugadores/boris_zivkovic.php
Zivkovic,Zvonko,"Zivkovic, Zvonko",Yugoslavia,31 de octubre de 1959,Mediocampista,https://www.losmundialesdefutbol.com/jugadores/zvonko_zivkovic.php
Ziyech,Hakim,Hakim Ziyech,Marruecos,19 de marzo de 1993,Mediocampista,https://www.losmundialesdefutbol.com/jugadores/hakim_ziyech.php
,Zizinho,Zizinho,Brasil,14 de septiembre de 1921,Mediocampista,https://www.losmundialesdefutbol.com/jugadores/zizinho.php
Zlatkovic,Sinisa,"Zlatkovic, Sinisa",Yugoslavia,,Defensor,https://www.losmundialesdefutbol.com/jugadores/sinisa_zlatkovic.php
Zlocha,Jan,"Zlocha, Jan",Checoslovaquia,24 de marzo de 1942,Defensor,https://www.losmundialesdefutbol.com/jugadores/jan_zlocha.php
Zmuda,Wladyslaw,"Zmuda, Wladyslaw",Polonia,6 de junio de 1954,Defensor,https://www.losmundialesdefutbol.com/jugadores/wladyslaw_zmuda.php
Zobnin,Roman,Roman Sergeyevich Zobnin,Rusia,11 de febrero de 1994,Mediocampista,https://www.losmundialesdefutbol.com/jugadores/roman_zobnin.php
,Zoco,Zoco,España,31 de julio de 1939,Mediocampista,https://www.losmundialesdefutbol.com/jugadores/zoco.php
Zoff,Dino,"Zoff, Dino",Italia,28 de febrero de 1942,Arquero,https://www.losmundialesdefutbol.com/jugadores/dino_zoff.php
Zogbo,Aristide,"Zogbo, Aristide",Costa de Marfil,30 de diciembre de 1981,Arquero,https://www.losmundialesdefutbol.com/jugadores/aristide_zogbo.php
Zokora,Didier,"Zokora, Didier",Costa de Marfil,14 de diciembre de 1980,Mediocampista,https://www.losmundialesdefutbol.com/jugadores/didier_zokora.php
Zola,Gianfranco,"Zola, Gianfranco",Italia,5 de julio de 1966,Mediocampista,https://www.losmundialesdefutbol.com/jugadores/gianfranco_zola.php
Zombori,Sandor,"Zombori, Sandor",Hungría,31 de octubre de 1951,Mediocampista,https://www.losmundialesdefutbol.com/jugadores/sandor_zombori.php
Zombory,William,"Zombory, William",Rumania,11 de enero de 1906,Arquero,https://www.losmundialesdefutbol.com/jugadores/william_zombory.php
Zoro,Marc,"Zoro, Marc",Costa de Marfil,27 de diciembre de 1983,Defensor,https://www.losmundialesdefutbol.com/jugadores/marc_zoro.php
,Zozimo,Zozimo,Brasil,19 de junio de 1932,Defensor,https://www.losmundialesdefutbol.com/jugadores/zozimo.php
Zsak,Manfred,"Zsak, Manfred",Austria,22 de diciembre de 1964,Mediocampista,https://www.losmundialesdefutbol.com/jugadores/manfred_zsak.php
Zsengeller,Gyula,"Zsengeller, Gyula",Hungría,27 de diciembre de 1915,Delantero,https://www.losmundialesdefutbol.com/jugadores/gyula_zsengeller.php
Zuber,Steven,Steven Zuber,Suiza,17 de agosto de 1991,Mediocampista,https://www.losmundialesdefutbol.com/jugadores/steven_zuber.php
Zuberbuehler,Pascal,"Zuberbuehler, Pascal",Suiza,8 de enero de 1971,Arquero,https://www.losmundialesdefutbol.com/jugadores/pascal_zuberbuehler.php
Zubia,Oscar,"Zubia, Oscar",Uruguay,8 de febrero de 1946,Delantero,https://www.losmundialesdefutbol.com/jugadores/oscar_zubia.php
Zubizarreta,Andoni,"Zubizarreta, Andoni",España,23 de octubre de 1961,Arquero,https://www.losmundialesdefutbol.com/jugadores/andoni_zubizarreta.php
Zubromawi,Abdullah,Abdullah Sulaiman Zubromawi,Arabia Saudita,15 de noviembre de 1973,Defensor,https://www.losmundialesdefutbol.com/jugadores/abdullah_zubromawi.php
,Zuhair Bakheet,Zuhair Bakheet,Emiratos Arabes,13 de julio de 1967,Delantero,https://www.losmundialesdefutbol.com/jugadores/zuhair_bakheet.php
Zuluaga,Francisco,"Zuluaga, Francisco",Colombia,4 de febrero de 1929,Defensor,https://www.losmundialesdefutbol.com/jugadores/francisco_zuluaga.php
Zuma,Sibusiso,"Zuma, Sibusiso",Sudáfrica,23 de junio de 1975,Mediocampista,https://www.losmundialesdefutbol.com/jugadores/sibusiso_zuma.php
Zumelzu,Adolfo,"Zumelzu, Adolfo",Argentina,5 de enero de 1902,Defensor,https://www.losmundialesdefutbol.com/jugadores/adolfo_zumelzu.php
Zuñiga,Juan,Juan Camilo Zúñiga Mosquera,Colombia,14 de diciembre de 1985,Defensor,https://www.losmundialesdefutbol.com/jugadores/juan_zuniga.php
Zurawski,Maciej,"Zurawski, Maciej",Polonia,12 de septiembre de 1976,Delantero,https://www.losmundialesdefutbol.com/jugadores/maciej_zurawski.php
Zurkowski,Szymon,Szymon Żurkowski,Polonia,25 de septiembre de 1997,Mediocampista,https://www.losmundialesdefutbol.com/jugadores/szymon_zurkowski.php
Zusi,Graham,"Zusi, Graham",Estados Unidos,18 de agosto de 1986,Mediocampista,https://www.losmundialesdefutbol.com/jugadores/graham_zusi.php
Zygmantovich,Andrei,"Zygmantovich, Andrei",URSS,2 de diciembre de 1962,Defensor,https://www.losmundialesdefutbol.com/jugadores/andrei_zygmantovich.php
