anio_mundial,numero_partido,fecha,etapa,equipo_local,equipo_visitante,goles_local,goles_visitante,goles_local_et,goles_visit_et,penales_local,penales_visit
1930,1,1930-07-13,"1ra Ronda, Grupo 1",Francia,México,4,1,,,,
1930,2,1930-07-13,"1ra Ronda, Grupo 4",Estados Unidos,Bélgica,3,0,,,,
1930,3,1930-07-14,"1ra Ronda, Grupo 3",Rumania,Perú,3,1,,,,
1930,4,1930-07-14,"1ra Ronda, Grupo 2",Yugoslavia,Brasil,2,1,,,,
1930,5,1930-07-15,"1ra Ronda, Grupo 1",Argentina,Francia,1,0,,,,
1930,6,1930-07-16,"1ra Ronda, Grupo 1",Chile,México,3,0,,,,
1930,7,1930-07-17,"1ra Ronda, Grupo 2",Yugoslavia,Bolivia,4,0,,,,
1930,8,1930-07-17,"1ra Ronda, Grupo 4",Estados Unidos,Paraguay,3,0,,,,
1930,9,1930-07-18,"1ra Ronda, Grupo 3",Uruguay,Perú,1,0,,,,
1930,10,1930-07-19,"1ra Ronda, Grupo 1",Argentina,México,6,3,,,,
1930,11,1930-07-19,"1ra Ronda, Grupo 1",Chile,Francia,1,0,,,,
1930,12,1930-07-20,"1ra Ronda, Grupo 4",Paraguay,Bélgica,1,0,,,,
1930,13,1930-07-20,"1ra Ronda, Grupo 2",Brasil,Bolivia,4,0,,,,
1930,14,1930-07-21,"1ra Ronda, Grupo 3",Uruguay,Rumania,4,0,,,,
1930,15,1930-07-22,"1ra Ronda, Grupo 1",Argentina,Chile,3,1,,,,
1930,16,1930-07-26,Semis,Argentina,Estados Unidos,6,1,,,,
1930,17,1930-07-27,Semis,Uruguay,Yugoslavia,6,1,,,,
1930,18,1930-07-30,Final,Argentina,Uruguay,2,4,,,,
1934,1,1934-05-27,Octavos,Alemania,Bélgica,5,2,,,,
1934,2,1934-05-27,Octavos,Suecia,Argentina,3,2,,,,
1934,3,1934-05-27,Octavos,Italia,Estados Unidos,7,1,,,,
1934,4,1934-05-27,Octavos,Hungría,Egipto,4,2,,,,
1934,5,1934-05-27,Octavos,España,Brasil,3,1,,,,
1934,6,1934-05-27,Octavos,Checoslovaquia,Rumania,2,1,,,,
1934,7,1934-05-27,Octavos,Suiza,Paises Bajos,3,2,,,,
1934,8,1934-05-27,Octavos,Austria,Francia,3,2,2,1,,
1934,9,1934-05-31,Cuartos,Checoslovaquia,Suiza,3,2,,,,
1934,10,1934-05-31,Cuartos,Austria,Hungría,2,1,,,,
1934,11,1934-05-31,Cuartos,Alemania,Suecia,2,1,,,,
1934,12,1934-05-31,Cuartos,Italia,España,1,1,0,0,,
1934,13,1934-06-01,Cuartos,Italia,España,1,0,,,,
1934,14,1934-06-03,Semis,Checoslovaquia,Alemania,3,1,,,,
1934,15,1934-06-03,Semis,Italia,Austria,1,0,,,,
1934,16,1934-06-07,3er Puesto,Austria,Alemania,2,3,,,,
1934,17,1934-06-10,Final,Italia,Checoslovaquia,2,1,1,0,,
1938,1,1938-06-04,Octavos,Suiza,Alemania,1,1,0,0,,
1938,2,1938-06-05,Octavos,Francia,Bélgica,3,1,,,,
1938,3,1938-06-05,Octavos,Italia,Noruega,2,1,1,0,,
1938,4,1938-06-05,Octavos,Brasil,Polonia,6,5,2,1,,
1938,5,1938-06-05,Octavos,Hungría,Indias Orientales Holand.,6,0,,,,
1938,6,1938-06-05,Octavos,Checoslovaquia,Paises Bajos,3,0,3,0,,
1938,7,1938-06-05,Octavos,Cuba,Rumania,3,3,1,1,,
1938,8,1938-06-09,Octavos,Suiza,Alemania,4,2,,,,
1938,9,1938-06-09,Octavos,Cuba,Rumania,2,1,,,,
1938,10,1938-06-12,Cuartos,Cuba,Suecia,0,8,,,,
1938,11,1938-06-12,Cuartos,Italia,Francia,3,1,,,,
1938,12,1938-06-12,Cuartos,Hungría,Suiza,2,0,,,,
1938,13,1938-06-12,Cuartos,Brasil,Checoslovaquia,1,1,0,0,,
1938,14,1938-06-14,Cuartos,Brasil,Checoslovaquia,2,1,,,,
1938,15,1938-06-16,Semis,Hungría,Suecia,5,1,,,,
1938,16,1938-06-16,Semis,Brasil,Italia,1,2,,,,
1938,17,1938-06-19,3er Puesto,Brasil,Suecia,4,2,,,,
1938,18,1938-06-19,Final,Italia,Hungría,4,2,,,,
1950,1,1950-06-24,"1ra Ronda, Grupo 1",Brasil,México,4,0,,,,
1950,2,1950-06-25,"1ra Ronda, Grupo 3",Suecia,Italia,3,2,,,,
1950,3,1950-06-25,"1ra Ronda, Grupo 1",Yugoslavia,Suiza,3,0,,,,
1950,4,1950-06-25,"1ra Ronda, Grupo 2",Inglaterra,Chile,2,0,,,,
1950,5,1950-06-25,"1ra Ronda, Grupo 2",España,Estados Unidos,3,1,,,,
1950,6,1950-06-28,"1ra Ronda, Grupo 1",Yugoslavia,México,4,1,,,,
1950,7,1950-06-28,"1ra Ronda, Grupo 1",Brasil,Suiza,2,2,,,,
1950,8,1950-06-29,"1ra Ronda, Grupo 3",Suecia,Paraguay,2,2,,,,
1950,9,1950-06-29,"1ra Ronda, Grupo 2",Estados Unidos,Inglaterra,1,0,,,,
1950,10,1950-06-29,"1ra Ronda, Grupo 2",España,Chile,2,0,,,,
1950,11,1950-07-01,"1ra Ronda, Grupo 1",Brasil,Yugoslavia,2,0,,,,
1950,12,1950-07-02,"1ra Ronda, Grupo 4",Uruguay,Bolivia,8,0,,,,
1950,13,1950-07-02,"1ra Ronda, Grupo 1",Suiza,México,2,1,,,,
1950,14,1950-07-02,"1ra Ronda, Grupo 2",España,Inglaterra,1,0,,,,
1950,15,1950-07-02,"1ra Ronda, Grupo 2",Chile,Estados Unidos,5,2,,,,
1950,16,1950-07-02,"1ra Ronda, Grupo 3",Italia,Paraguay,2,0,,,,
1950,17,1950-07-09,Ronda Final,Brasil,Suecia,7,1,,,,
1950,18,1950-07-09,Ronda Final,Uruguay,España,2,2,,,,
1950,19,1950-07-13,Ronda Final,Uruguay,Suecia,3,2,,,,
1950,20,1950-07-13,Ronda Final,Brasil,España,6,1,,,,
1950,21,1950-07-16,Ronda Final,Suecia,España,3,1,,,,
1950,22,1950-07-16,Ronda Final,Uruguay,Brasil,2,1,,,,
1954,1,1954-06-16,"1ra Ronda, Grupo 1",Yugoslavia,Francia,1,0,,,,
1954,2,1954-06-16,"1ra Ronda, Grupo 3",Austria,Escocia,1,0,,,,
1954,3,1954-06-16,"1ra Ronda, Grupo 3",Uruguay,Checoslovaquia,2,0,,,,
1954,4,1954-06-16,"1ra Ronda, Grupo 1",Brasil,México,5,0,,,,
1954,5,1954-06-17,"1ra Ronda, Grupo 2",Hungría,Corea del Sur,9,0,,,,
1954,6,1954-06-17,"1ra Ronda, Grupo 4",Inglaterra,Bélgica,4,4,1,1,,
1954,7,1954-06-17,"1ra Ronda, Grupo 2",Alemania Occidental,Turquía,4,1,,,,
1954,8,1954-06-17,"1ra Ronda, Grupo 4",Suiza,Italia,2,1,,,,
1954,9,1954-06-19,"1ra Ronda, Grupo 1",Francia,México,3,2,,,,
1954,10,1954-06-19,"1ra Ronda, Grupo 1",Brasil,Yugoslavia,1,1,0,0,,
1954,11,1954-06-19,"1ra Ronda, Grupo 3",Austria,Checoslovaquia,5,0,,,,
1954,12,1954-06-19,"1ra Ronda, Grupo 3",Uruguay,Escocia,7,0,,,,
1954,13,1954-06-20,"1ra Ronda, Grupo 2",Hungría,Alemania Occidental,8,3,,,,
1954,14,1954-06-20,"1ra Ronda, Grupo 2",Turquía,Corea del Sur,7,0,,,,
1954,15,1954-06-20,"1ra Ronda, Grupo 4",Inglaterra,Suiza,2,0,,,,
1954,16,1954-06-20,"1ra Ronda, Grupo 4",Italia,Bélgica,4,1,,,,
1954,17,1954-06-23,"1ra Ronda, Grupo 4",Suiza,Italia,4,1,,,,
1954,18,1954-06-23,"1ra Ronda, Grupo 2",Alemania Occidental,Turquía,7,2,,,,
1954,19,1954-06-26,Cuartos,Uruguay,Inglaterra,4,2,,,,
1954,20,1954-06-26,Cuartos,Austria,Suiza,7,5,,,,
1954,21,1954-06-27,Cuartos,Hungría,Brasil,4,2,,,,
1954,22,1954-06-27,Cuartos,Alemania Occidental,Yugoslavia,2,0,,,,
1954,23,1954-06-30,Semis,Hungría,Uruguay,4,2,2,0,,
1954,24,1954-06-30,Semis,Alemania Occidental,Austria,6,1,,,,
1954,25,1954-07-03,3er Puesto,Uruguay,Austria,1,3,,,,
1954,26,1954-07-04,Final,Hungría,Alemania Occidental,2,3,,,,
1958,1,1958-06-08,"1ra Ronda, Grupo 3",Hungría,Gales,1,1,,,,
1958,2,1958-06-08,"1ra Ronda, Grupo 1",Irlanda del Norte,Checoslovaquia,1,0,,,,
1958,3,1958-06-08,"1ra Ronda, Grupo 4",Brasil,Austria,3,0,,,,
1958,4,1958-06-08,"1ra Ronda, Grupo 2",Francia,Paraguay,7,3,,,,
1958,5,1958-06-08,"1ra Ronda, Grupo 1",Argentina,Alemania Occidental,1,3,,,,
1958,6,1958-06-08,"1ra Ronda, Grupo 4",URSS,Inglaterra,2,2,,,,
1958,7,1958-06-08,"1ra Ronda, Grupo 2",Yugoslavia,Escocia,1,1,,,,
1958,8,1958-06-08,"1ra Ronda, Grupo 3",Suecia,México,3,0,,,,
1958,9,1958-06-11,"1ra Ronda, Grupo 2",Yugoslavia,Francia,3,2,,,,
1958,10,1958-06-11,"1ra Ronda, Grupo 2",Paraguay,Escocia,3,2,,,,
1958,11,1958-06-11,"1ra Ronda, Grupo 3",México,Gales,1,1,,,,
1958,12,1958-06-11,"1ra Ronda, Grupo 1",Alemania Occidental,Checoslovaquia,2,2,,,,
1958,13,1958-06-11,"1ra Ronda, Grupo 4",URSS,Austria,2,0,,,,
1958,14,1958-06-11,"1ra Ronda, Grupo 1",Argentina,Irlanda del Norte,3,1,,,,
1958,15,1958-06-11,"1ra Ronda, Grupo 4",Brasil,Inglaterra,0,0,,,,
1958,16,1958-06-12,"1ra Ronda, Grupo 3",Suecia,Hungría,2,1,,,,
1958,17,1958-06-15,"1ra Ronda, Grupo 2",Francia,Escocia,2,1,,,,
1958,18,1958-06-15,"1ra Ronda, Grupo 3",Suecia,Gales,0,0,,,,
1958,19,1958-06-15,"1ra Ronda, Grupo 1",Alemania Occidental,Irlanda del Norte,2,2,,,,
1958,20,1958-06-15,"1ra Ronda, Grupo 2",Paraguay,Yugoslavia,3,3,,,,
1958,21,1958-06-15,"1ra Ronda, Grupo 4",Brasil,URSS,2,0,,,,
1958,22,1958-06-15,"1ra Ronda, Grupo 4",Inglaterra,Austria,2,2,,,,
1958,23,1958-06-15,"1ra Ronda, Grupo 3",Hungría,México,4,0,,,,
1958,24,1958-06-15,"1ra Ronda, Grupo 1",Checoslovaquia,Argentina,6,1,,,,
1958,25,1958-06-17,"1ra Ronda, Grupo 1",Irlanda del Norte,Checoslovaquia,2,1,1,0,,
1958,26,1958-06-17,"1ra Ronda, Grupo 3",Gales,Hungría,2,1,,,,
1958,27,1958-06-17,"1ra Ronda, Grupo 4",URSS,Inglaterra,1,0,,,,
1958,28,1958-06-19,Cuartos,Francia,Irlanda del Norte,4,0,,,,
1958,29,1958-06-19,Cuartos,Alemania Occidental,Yugoslavia,1,0,,,,
1958,30,1958-06-19,Cuartos,Brasil,Gales,1,0,,,,
1958,31,1958-06-19,Cuartos,Suecia,URSS,2,0,,,,
1958,32,1958-06-24,Semis,Alemania Occidental,Suecia,1,3,,,,
1958,33,1958-06-24,Semis,Francia,Brasil,2,5,,,,
1958,34,1958-06-28,3er Puesto,Alemania Occidental,Francia,3,6,,,,
1958,35,1958-06-29,Final,Suecia,Brasil,2,5,,,,
1962,1,1962-05-30,"1ra Ronda, Grupo 1",Uruguay,Colombia,2,1,,,,
1962,2,1962-05-30,"1ra Ronda, Grupo 3",Brasil,México,2,0,,,,
1962,3,1962-05-30,"1ra Ronda, Grupo 2",Chile,Suiza,3,1,,,,
1962,4,1962-05-30,"1ra Ronda, Grupo 4",Argentina,Bulgaria,1,0,,,,
1962,5,1962-05-31,"1ra Ronda, Grupo 3",Checoslovaquia,España,1,0,,,,
1962,6,1962-05-31,"1ra Ronda, Grupo 1",URSS,Yugoslavia,2,0,,,,
1962,7,1962-05-31,"1ra Ronda, Grupo 4",Hungría,Inglaterra,2,1,,,,
1962,8,1962-05-31,"1ra Ronda, Grupo 2",Alemania Occidental,Italia,0,0,,,,
1962,9,1962-06-02,"1ra Ronda, Grupo 2",Chile,Italia,2,0,,,,
1962,10,1962-06-02,"1ra Ronda, Grupo 3",Brasil,Checoslovaquia,0,0,,,,
1962,11,1962-06-02,"1ra Ronda, Grupo 1",Yugoslavia,Uruguay,3,1,,,,
1962,12,1962-06-02,"1ra Ronda, Grupo 4",Inglaterra,Argentina,3,1,,,,
1962,13,1962-06-03,"1ra Ronda, Grupo 4",Hungría,Bulgaria,6,1,,,,
1962,14,1962-06-03,"1ra Ronda, Grupo 1",URSS,Colombia,4,4,,,,
1962,15,1962-06-03,"1ra Ronda, Grupo 3",España,México,1,0,,,,
1962,16,1962-06-03,"1ra Ronda, Grupo 2",Alemania Occidental,Suiza,2,1,,,,
1962,17,1962-06-06,"1ra Ronda, Grupo 2",Alemania Occidental,Chile,2,0,,,,
1962,18,1962-06-06,"1ra Ronda, Grupo 4",Hungría,Argentina,0,0,,,,
1962,19,1962-06-06,"1ra Ronda, Grupo 1",URSS,Uruguay,2,1,,,,
1962,20,1962-06-06,"1ra Ronda, Grupo 3",Brasil,España,2,1,,,,
1962,21,1962-06-07,"1ra Ronda, Grupo 1",Yugoslavia,Colombia,5,0,,,,
1962,22,1962-06-07,"1ra Ronda, Grupo 3",México,Checoslovaquia,3,1,,,,
1962,23,1962-06-07,"1ra Ronda, Grupo 2",Italia,Suiza,3,0,,,,
1962,24,1962-06-07,"1ra Ronda, Grupo 4",Inglaterra,Bulgaria,0,0,,,,
1962,25,1962-06-10,Cuartos,Brasil,Inglaterra,3,1,,,,
1962,26,1962-06-10,Cuartos,Checoslovaquia,Hungría,1,0,,,,
1962,27,1962-06-10,Cuartos,Yugoslavia,Alemania Occidental,1,0,,,,
1962,28,1962-06-10,Cuartos,Chile,URSS,2,1,,,,
1962,29,1962-06-13,Semis,Yugoslavia,Checoslovaquia,1,3,,,,
1962,30,1962-06-13,Semis,Chile,Brasil,2,4,,,,
1962,31,1962-06-16,3er Puesto,Chile,Yugoslavia,1,0,,,,
1962,32,1962-06-17,Final,Brasil,Checoslovaquia,3,1,,,,
1966,1,1966-07-11,"1ra Ronda, Grupo 1",Inglaterra,Uruguay,0,0,,,,
1966,2,1966-07-12,"1ra Ronda, Grupo 2",Alemania Occidental,Suiza,5,0,,,,
1966,3,1966-07-12,"1ra Ronda, Grupo 4",URSS,Corea del Norte,3,0,,,,
1966,4,1966-07-12,"1ra Ronda, Grupo 3",Brasil,Bulgaria,2,0,,,,
1966,5,1966-07-13,"1ra Ronda, Grupo 1",Francia,México,1,1,,,,
1966,6,1966-07-13,"1ra Ronda, Grupo 4",Italia,Chile,2,0,,,,
1966,7,1966-07-13,"1ra Ronda, Grupo 3",Portugal,Hungría,3,1,,,,
1966,8,1966-07-13,"1ra Ronda, Grupo 2",Argentina,España,2,1,,,,
1966,9,1966-07-15,"1ra Ronda, Grupo 1",Uruguay,Francia,2,1,,,,
1966,10,1966-07-15,"1ra Ronda, Grupo 3",Hungría,Brasil,3,1,,,,
1966,11,1966-07-15,"1ra Ronda, Grupo 2",España,Suiza,2,1,,,,
1966,12,1966-07-15,"1ra Ronda, Grupo 4",Corea del Norte,Chile,1,1,,,,
1966,13,1966-07-16,"1ra Ronda, Grupo 3",Portugal,Bulgaria,3,0,,,,
1966,14,1966-07-16,"1ra Ronda, Grupo 2",Alemania Occidental,Argentina,0,0,,,,
1966,15,1966-07-16,"1ra Ronda, Grupo 4",URSS,Italia,1,0,,,,
1966,16,1966-07-16,"1ra Ronda, Grupo 1",Inglaterra,México,2,0,,,,
1966,17,1966-07-19,"1ra Ronda, Grupo 3",Portugal,Brasil,3,1,,,,
1966,18,1966-07-19,"1ra Ronda, Grupo 1",Uruguay,México,0,0,,,,
1966,19,1966-07-19,"1ra Ronda, Grupo 2",Argentina,Suiza,2,0,,,,
1966,20,1966-07-19,"1ra Ronda, Grupo 4",Corea del Norte,Italia,1,0,,,,
1966,21,1966-07-20,"1ra Ronda, Grupo 1",Inglaterra,Francia,2,0,,,,
1966,22,1966-07-20,"1ra Ronda, Grupo 2",Alemania Occidental,España,2,1,,,,
1966,23,1966-07-20,"1ra Ronda, Grupo 4",URSS,Chile,2,1,,,,
1966,24,1966-07-20,"1ra Ronda, Grupo 3",Hungría,Bulgaria,3,1,,,,
1966,25,1966-07-23,Cuartos,Portugal,Corea del Norte,5,3,,,,
1966,26,1966-07-23,Cuartos,Inglaterra,Argentina,1,0,,,,
1966,27,1966-07-23,Cuartos,Alemania Occidental,Uruguay,4,0,,,,
1966,28,1966-07-23,Cuartos,URSS,Hungría,2,1,,,,
1966,29,1966-07-25,Semis,Alemania Occidental,URSS,2,1,,,,
1966,30,1966-07-26,Semis,Inglaterra,Portugal,2,1,,,,
1966,31,1966-07-28,3er Puesto,Portugal,URSS,2,1,,,,
1966,32,1966-07-30,Final,Inglaterra,Alemania Occidental,4,2,2,0,,
1970,1,1970-05-31,"1ra Ronda, Grupo 1",México,URSS,0,0,,,,
1970,2,1970-06-02,"1ra Ronda, Grupo 3",Inglaterra,Rumania,1,0,,,,
1970,3,1970-06-02,"1ra Ronda, Grupo 2",Uruguay,Israel,2,0,,,,
1970,4,1970-06-02,"1ra Ronda, Grupo 4",Perú,Bulgaria,3,2,,,,
1970,5,1970-06-03,"1ra Ronda, Grupo 2",Italia,Suecia,1,0,,,,
1970,6,1970-06-03,"1ra Ronda, Grupo 4",Alemania Occidental,Marruecos,2,1,,,,
1970,7,1970-06-03,"1ra Ronda, Grupo 1",Bélgica,El Salvador,3,0,,,,
1970,8,1970-06-03,"1ra Ronda, Grupo 3",Brasil,Checoslovaquia,4,1,,,,
1970,9,1970-06-06,"1ra Ronda, Grupo 4",Perú,Marruecos,3,0,,,,
1970,10,1970-06-06,"1ra Ronda, Grupo 3",Rumania,Checoslovaquia,2,1,,,,
1970,11,1970-06-06,"1ra Ronda, Grupo 1",URSS,Bélgica,4,1,,,,
1970,12,1970-06-06,"1ra Ronda, Grupo 2",Uruguay,Italia,0,0,,,,
1970,13,1970-06-07,"1ra Ronda, Grupo 2",Suecia,Israel,1,1,,,,
1970,14,1970-06-07,"1ra Ronda, Grupo 1",México,El Salvador,4,0,,,,
1970,15,1970-06-07,"1ra Ronda, Grupo 4",Alemania Occidental,Bulgaria,5,2,,,,
1970,16,1970-06-07,"1ra Ronda, Grupo 3",Brasil,Inglaterra,1,0,,,,
1970,17,1970-06-10,"1ra Ronda, Grupo 1",URSS,El Salvador,2,0,,,,
1970,18,1970-06-10,"1ra Ronda, Grupo 2",Suecia,Uruguay,1,0,,,,
1970,19,1970-06-10,"1ra Ronda, Grupo 4",Alemania Occidental,Perú,3,1,,,,
1970,20,1970-06-10,"1ra Ronda, Grupo 3",Brasil,Rumania,3,2,,,,
1970,21,1970-06-11,"1ra Ronda, Grupo 4",Bulgaria,Marruecos,1,1,,,,
1970,22,1970-06-11,"1ra Ronda, Grupo 3",Inglaterra,Checoslovaquia,1,0,,,,
1970,23,1970-06-11,"1ra Ronda, Grupo 1",México,Bélgica,1,0,,,,
1970,24,1970-06-11,"1ra Ronda, Grupo 2",Italia,Israel,0,0,,,,
1970,25,1970-06-14,Cuartos,Alemania Occidental,Inglaterra,3,2,1,0,,
1970,26,1970-06-14,Cuartos,Italia,México,4,1,,,,
1970,27,1970-06-14,Cuartos,Uruguay,URSS,1,0,1,0,,
1970,28,1970-06-14,Cuartos,Brasil,Perú,4,2,,,,
1970,29,1970-06-17,Semis,Uruguay,Brasil,1,3,,,,
1970,30,1970-06-17,Semis,Italia,Alemania Occidental,4,3,3,2,,
1970,31,1970-06-20,3er Puesto,Uruguay,Alemania Occidental,0,1,,,,
1970,32,1970-06-21,Final,Brasil,Italia,4,1,,,,
1974,1,1974-06-13,"1ra Ronda, Grupo 2",Brasil,Yugoslavia,0,0,,,,
1974,2,1974-06-14,"1ra Ronda, Grupo 1",Alemania Occidental,Chile,1,0,,,,
1974,3,1974-06-14,"1ra Ronda, Grupo 1",Alemania Oriental,Australia,2,0,,,,
1974,4,1974-06-14,"1ra Ronda, Grupo 2",Zaire,Escocia,0,2,,,,
1974,5,1974-06-15,"1ra Ronda, Grupo 3",Suecia,Bulgaria,0,0,,,,
1974,6,1974-06-15,"1ra Ronda, Grupo 4",Polonia,Argentina,3,2,,,,
1974,7,1974-06-15,"1ra Ronda, Grupo 4",Italia,Haití,3,1,,,,
1974,8,1974-06-15,"1ra Ronda, Grupo 3",Uruguay,Paises Bajos,0,2,,,,
1974,9,1974-06-18,"1ra Ronda, Grupo 2",Escocia,Brasil,0,0,,,,
1974,10,1974-06-18,"1ra Ronda, Grupo 1",Australia,Alemania Occidental,0,3,,,,
1974,11,1974-06-18,"1ra Ronda, Grupo 2",Yugoslavia,Zaire,9,0,,,,
1974,12,1974-06-18,"1ra Ronda, Grupo 1",Chile,Alemania Oriental,1,1,,,,
1974,13,1974-06-19,"1ra Ronda, Grupo 3",Paises Bajos,Suecia,0,0,,,,
1974,14,1974-06-19,"1ra Ronda, Grupo 4",Argentina,Italia,1,1,,,,
1974,15,1974-06-19,"1ra Ronda, Grupo 4",Haití,Polonia,0,7,,,,
1974,16,1974-06-19,"1ra Ronda, Grupo 3",Bulgaria,Uruguay,1,1,,,,
1974,17,1974-06-22,"1ra Ronda, Grupo 2",Zaire,Brasil,0,3,,,,
1974,18,1974-06-22,"1ra Ronda, Grupo 1",Alemania Oriental,Alemania Occidental,1,0,,,,
1974,19,1974-06-22,"1ra Ronda, Grupo 1",Australia,Chile,0,0,,,,
1974,20,1974-06-22,"1ra Ronda, Grupo 2",Escocia,Yugoslavia,1,1,,,,
1974,21,1974-06-23,"1ra Ronda, Grupo 4",Polonia,Italia,2,1,,,,
1974,22,1974-06-23,"1ra Ronda, Grupo 4",Argentina,Haití,4,1,,,,
1974,23,1974-06-23,"1ra Ronda, Grupo 3",Bulgaria,Paises Bajos,1,4,,,,
1974,24,1974-06-23,"1ra Ronda, Grupo 3",Suecia,Uruguay,3,0,,,,
1974,25,1974-06-26,"2da Ronda, Grupo B",Suecia,Polonia,0,1,,,,
1974,26,1974-06-26,"2da Ronda, Grupo B",Yugoslavia,Alemania Occidental,0,2,,,,
1974,27,1974-06-26,"2da Ronda, Grupo A",Paises Bajos,Argentina,4,0,,,,
1974,28,1974-06-26,"2da Ronda, Grupo A",Brasil,Alemania Oriental,1,0,,,,
1974,29,1974-06-30,"2da Ronda, Grupo A",Alemania Oriental,Paises Bajos,0,2,,,,
1974,30,1974-06-30,"2da Ronda, Grupo A",Argentina,Brasil,1,2,,,,
1974,31,1974-06-30,"2da Ronda, Grupo B",Polonia,Yugoslavia,2,1,,,,
1974,32,1974-06-30,"2da Ronda, Grupo B",Alemania Occidental,Suecia,4,2,,,,
1974,33,1974-07-03,"2da Ronda, Grupo B",Suecia,Yugoslavia,2,1,,,,
1974,34,1974-07-03,"2da Ronda, Grupo A",Argentina,Alemania Oriental,1,1,,,,
1974,35,1974-07-03,"2da Ronda, Grupo B",Polonia,Alemania Occidental,0,1,,,,
1974,36,1974-07-03,"2da Ronda, Grupo A",Paises Bajos,Brasil,2,0,,,,
1974,37,1974-07-06,3er Puesto,Brasil,Polonia,0,1,,,,
1974,38,1974-07-07,Final,Paises Bajos,Alemania Occidental,1,2,,,,
1978,1,1978-06-01,"1ra Ronda, Grupo 2",Alemania Occidental,Polonia,0,0,,,,
1978,2,1978-06-02,"1ra Ronda, Grupo 2",Túnez,México,3,1,,,,
1978,3,1978-06-02,"1ra Ronda, Grupo 1",Italia,Francia,2,1,,,,
1978,4,1978-06-02,"1ra Ronda, Grupo 1",Argentina,Hungría,2,1,,,,
1978,5,1978-06-03,"1ra Ronda, Grupo 4",Paises Bajos,Irán,3,0,,,,
1978,6,1978-06-03,"1ra Ronda, Grupo 3",Austria,España,2,1,,,,
1978,7,1978-06-03,"1ra Ronda, Grupo 4",Perú,Escocia,3,1,,,,
1978,8,1978-06-03,"1ra Ronda, Grupo 3",Suecia,Brasil,1,1,,,,
1978,9,1978-06-06,"1ra Ronda, Grupo 2",Alemania Occidental,México,6,0,,,,
1978,10,1978-06-06,"1ra Ronda, Grupo 1",Argentina,Francia,2,1,,,,
1978,11,1978-06-06,"1ra Ronda, Grupo 2",Polonia,Túnez,1,0,,,,
1978,12,1978-06-06,"1ra Ronda, Grupo 1",Italia,Hungría,3,1,,,,
1978,13,1978-06-07,"1ra Ronda, Grupo 4",Paises Bajos,Perú,0,0,,,,
1978,14,1978-06-07,"1ra Ronda, Grupo 3",Brasil,España,0,0,,,,
1978,15,1978-06-07,"1ra Ronda, Grupo 4",Escocia,Irán,1,1,,,,
1978,16,1978-06-07,"1ra Ronda, Grupo 3",Austria,Suecia,1,0,,,,
1978,17,1978-06-10,"1ra Ronda, Grupo 1",Italia,Argentina,1,0,,,,
1978,18,1978-06-10,"1ra Ronda, Grupo 2",Alemania Occidental,Túnez,0,0,,,,
1978,19,1978-06-10,"1ra Ronda, Grupo 1",Francia,Hungría,3,1,,,,
1978,20,1978-06-10,"1ra Ronda, Grupo 2",Polonia,México,3,1,,,,
1978,21,1978-06-11,"1ra Ronda, Grupo 4",Perú,Irán,4,1,,,,
1978,22,1978-06-11,"1ra Ronda, Grupo 3",España,Suecia,1,0,,,,
1978,23,1978-06-11,"1ra Ronda, Grupo 4",Escocia,Paises Bajos,3,2,,,,
1978,24,1978-06-11,"1ra Ronda, Grupo 3",Brasil,Austria,1,0,,,,
1978,25,1978-06-14,"2da Ronda, Grupo A",Paises Bajos,Austria,5,1,,,,
1978,26,1978-06-14,"2da Ronda, Grupo A",Alemania Occidental,Italia,0,0,,,,
1978,27,1978-06-14,"2da Ronda, Grupo B",Brasil,Perú,3,0,,,,
1978,28,1978-06-14,"2da Ronda, Grupo B",Argentina,Polonia,2,0,,,,
1978,29,1978-06-18,"2da Ronda, Grupo B",Argentina,Brasil,0,0,,,,
1978,30,1978-06-18,"2da Ronda, Grupo B",Polonia,Perú,1,0,,,,
1978,31,1978-06-18,"2da Ronda, Grupo A",Alemania Occidental,Paises Bajos,2,2,,,,
1978,32,1978-06-18,"2da Ronda, Grupo A",Italia,Austria,1,0,,,,
1978,33,1978-06-21,"2da Ronda, Grupo B",Argentina,Perú,6,0,,,,
1978,34,1978-06-21,"2da Ronda, Grupo A",Paises Bajos,Italia,2,1,,,,
1978,35,1978-06-21,"2da Ronda, Grupo B",Brasil,Polonia,3,1,,,,
1978,36,1978-06-21,"2da Ronda, Grupo A",Austria,Alemania Occidental,3,2,,,,
1978,37,1978-06-24,3er Puesto,Brasil,Italia,2,1,,,,
1978,38,1978-06-25,Final,Argentina,Paises Bajos,3,1,2,0,,
1982,1,1982-06-13,"1ra Ronda, Grupo C",Argentina,Bélgica,0,1,,,,
1982,2,1982-06-14,"1ra Ronda, Grupo F",Brasil,URSS,2,1,,,,
1982,3,1982-06-14,"1ra Ronda, Grupo A",Italia,Polonia,0,0,,,,
1982,4,1982-06-15,"1ra Ronda, Grupo A",Perú,Camerún,0,0,,,,
1982,5,1982-06-15,"1ra Ronda, Grupo F",Escocia,Nueva Zelanda,5,2,,,,
1982,6,1982-06-15,"1ra Ronda, Grupo C",Hungría,El Salvador,10,1,,,,
1982,7,1982-06-16,"1ra Ronda, Grupo B",Alemania Occidental,Argelia,1,2,,,,
1982,8,1982-06-16,"1ra Ronda, Grupo E",España,Honduras,1,1,,,,
1982,9,1982-06-16,"1ra Ronda, Grupo D",Inglaterra,Francia,3,1,,,,
1982,10,1982-06-17,"1ra Ronda, Grupo D",Checoslovaquia,Kuwait,1,1,,,,
1982,11,1982-06-17,"1ra Ronda, Grupo E",Yugoslavia,Irlanda del Norte,0,0,,,,
1982,12,1982-06-17,"1ra Ronda, Grupo B",Chile,Austria,0,1,,,,
1982,13,1982-06-18,"1ra Ronda, Grupo C",Argentina,Hungría,4,1,,,,
1982,14,1982-06-18,"1ra Ronda, Grupo A",Italia,Perú,1,1,,,,
1982,15,1982-06-18,"1ra Ronda, Grupo F",Brasil,Escocia,4,1,,,,
1982,16,1982-06-19,"1ra Ronda, Grupo A",Polonia,Camerún,0,0,,,,
1982,17,1982-06-19,"1ra Ronda, Grupo C",Bélgica,El Salvador,1,0,,,,
1982,18,1982-06-19,"1ra Ronda, Grupo F",URSS,Nueva Zelanda,3,0,,,,
1982,19,1982-06-20,"1ra Ronda, Grupo E",España,Yugoslavia,2,1,,,,
1982,20,1982-06-20,"1ra Ronda, Grupo D",Inglaterra,Checoslovaquia,2,0,,,,
1982,21,1982-06-20,"1ra Ronda, Grupo B",Alemania Occidental,Chile,4,1,,,,
1982,22,1982-06-21,"1ra Ronda, Grupo E",Honduras,Irlanda del Norte,1,1,,,,
1982,23,1982-06-21,"1ra Ronda, Grupo D",Francia,Kuwait,4,1,,,,
1982,24,1982-06-21,"1ra Ronda, Grupo B",Argelia,Austria,0,2,,,,
1982,25,1982-06-22,"1ra Ronda, Grupo F",URSS,Escocia,2,2,,,,
1982,26,1982-06-22,"1ra Ronda, Grupo C",Bélgica,Hungría,1,1,,,,
1982,27,1982-06-22,"1ra Ronda, Grupo A",Polonia,Perú,5,1,,,,
1982,28,1982-06-23,"1ra Ronda, Grupo A",Italia,Camerún,1,1,,,,
1982,29,1982-06-23,"1ra Ronda, Grupo C",Argentina,El Salvador,2,0,,,,
1982,30,1982-06-23,"1ra Ronda, Grupo F",Brasil,Nueva Zelanda,4,0,,,,
1982,31,1982-06-24,"1ra Ronda, Grupo E",Honduras,Yugoslavia,0,1,,,,
1982,32,1982-06-24,"1ra Ronda, Grupo D",Francia,Checoslovaquia,1,1,,,,
1982,33,1982-06-24,"1ra Ronda, Grupo B",Argelia,Chile,3,2,,,,
1982,34,1982-06-25,"1ra Ronda, Grupo E",Irlanda del Norte,España,1,0,,,,
1982,35,1982-06-25,"1ra Ronda, Grupo B",Alemania Occidental,Austria,1,0,,,,
1982,36,1982-06-25,"1ra Ronda, Grupo D",Inglaterra,Kuwait,1,0,,,,
1982,37,1982-06-28,"2da Ronda, Grupo 4",Austria,Francia,0,1,,,,
1982,38,1982-06-28,"2da Ronda, Grupo 1",Polonia,Bélgica,3,0,,,,
1982,39,1982-06-29,"2da Ronda, Grupo 2",Alemania Occidental,Inglaterra,0,0,,,,
1982,40,1982-06-29,"2da Ronda, Grupo 3",Italia,Argentina,2,1,,,,
1982,41,1982-07-01,"2da Ronda, Grupo 1",Bélgica,URSS,0,1,,,,
1982,42,1982-07-01,"2da Ronda, Grupo 4",Austria,Irlanda del Norte,2,2,,,,
1982,43,1982-07-02,"2da Ronda, Grupo 3",Argentina,Brasil,1,3,,,,
1982,44,1982-07-02,"2da Ronda, Grupo 2",Alemania Occidental,España,2,1,,,,
1982,45,1982-07-04,"2da Ronda, Grupo 4",Francia,Irlanda del Norte,4,1,,,,
1982,46,1982-07-04,"2da Ronda, Grupo 1",Polonia,URSS,0,0,,,,
1982,47,1982-07-05,"2da Ronda, Grupo 3",Italia,Brasil,3,2,,,,
1982,48,1982-07-05,"2da Ronda, Grupo 2",España,Inglaterra,0,0,,,,
1982,49,1982-07-08,Semis,Alemania Occidental,Francia,3,3,2,2,5,4
1982,50,1982-07-08,Semis,Polonia,Italia,0,2,,,,
1982,51,1982-07-10,3er Puesto,Polonia,Francia,3,2,,,,
1982,52,1982-07-11,Final,Italia,Alemania Occidental,3,1,,,,
1986,1,1986-05-31,"1ra Ronda, Grupo A",Bulgaria,Italia,1,1,,,,
1986,2,1986-06-01,"1ra Ronda, Grupo D",España,Brasil,0,1,,,,
1986,3,1986-06-01,"1ra Ronda, Grupo C",Canadá,Francia,0,1,,,,
1986,4,1986-06-02,"1ra Ronda, Grupo A",Argentina,Corea del Sur,3,1,,,,
1986,5,1986-06-02,"1ra Ronda, Grupo C",URSS,Hungría,6,0,,,,
1986,6,1986-06-02,"1ra Ronda, Grupo F",Marruecos,Polonia,0,0,,,,
1986,7,1986-06-03,"1ra Ronda, Grupo B",Bélgica,México,1,2,,,,
1986,8,1986-06-03,"1ra Ronda, Grupo F",Portugal,Inglaterra,1,0,,,,
1986,9,1986-06-03,"1ra Ronda, Grupo D",Argelia,Irlanda del Norte,1,1,,,,
1986,10,1986-06-04,"1ra Ronda, Grupo E",Escocia,Dinamarca,0,1,,,,
1986,11,1986-06-04,"1ra Ronda, Grupo E",Uruguay,Alemania Occidental,1,1,,,,
1986,12,1986-06-04,"1ra Ronda, Grupo B",Paraguay,Iraq,1,0,,,,
1986,13,1986-06-05,"1ra Ronda, Grupo C",Francia,URSS,1,1,,,,
1986,14,1986-06-05,"1ra Ronda, Grupo A",Corea del Sur,Bulgaria,1,1,,,,
1986,15,1986-06-05,"1ra Ronda, Grupo A",Italia,Argentina,1,1,,,,
1986,16,1986-06-06,"1ra Ronda, Grupo C",Hungría,Canadá,2,0,,,,
1986,17,1986-06-06,"1ra Ronda, Grupo D",Brasil,Argelia,1,0,,,,
1986,18,1986-06-06,"1ra Ronda, Grupo F",Inglaterra,Marruecos,0,0,,,,
1986,19,1986-06-07,"1ra Ronda, Grupo B",México,Paraguay,1,1,,,,
1986,20,1986-06-07,"1ra Ronda, Grupo F",Polonia,Portugal,1,0,,,,
1986,21,1986-06-07,"1ra Ronda, Grupo D",Irlanda del Norte,España,1,2,,,,
1986,22,1986-06-08,"1ra Ronda, Grupo B",Iraq,Bélgica,1,2,,,,
1986,23,1986-06-08,"1ra Ronda, Grupo E",Alemania Occidental,Escocia,2,1,,,,
1986,24,1986-06-08,"1ra Ronda, Grupo E",Dinamarca,Uruguay,6,1,,,,
1986,25,1986-06-09,"1ra Ronda, Grupo C",URSS,Canadá,2,0,,,,
1986,26,1986-06-09,"1ra Ronda, Grupo C",Hungría,Francia,0,3,,,,
1986,27,1986-06-10,"1ra Ronda, Grupo A",Corea del Sur,Italia,2,3,,,,
1986,28,1986-06-10,"1ra Ronda, Grupo A",Argentina,Bulgaria,2,0,,,,
1986,29,1986-06-11,"1ra Ronda, Grupo B",Paraguay,Bélgica,2,2,,,,
1986,30,1986-06-11,"1ra Ronda, Grupo F",Inglaterra,Polonia,3,0,,,,
1986,31,1986-06-11,"1ra Ronda, Grupo F",Portugal,Marruecos,1,3,,,,
1986,32,1986-06-11,"1ra Ronda, Grupo B",Iraq,México,0,1,,,,
1986,33,1986-06-12,"1ra Ronda, Grupo D",Irlanda del Norte,Brasil,0,3,,,,
1986,34,1986-06-12,"1ra Ronda, Grupo D",Argelia,España,0,3,,,,
1986,35,1986-06-13,"1ra Ronda, Grupo E",Dinamarca,Alemania Occidental,2,0,,,,
1986,36,1986-06-13,"1ra Ronda, Grupo E",Escocia,Uruguay,0,0,,,,
1986,37,1986-06-15,Octavos,URSS,Bélgica,3,4,1,2,,
1986,38,1986-06-15,Octavos,México,Bulgaria,2,0,,,,
1986,39,1986-06-16,Octavos,Brasil,Polonia,4,0,,,,
1986,40,1986-06-16,Octavos,Argentina,Uruguay,1,0,,,,
1986,41,1986-06-17,Octavos,Marruecos,Alemania Occidental,0,1,,,,
1986,42,1986-06-17,Octavos,Italia,Francia,0,2,,,,
1986,43,1986-06-18,Octavos,Dinamarca,España,1,5,,,,
1986,44,1986-06-18,Octavos,Inglaterra,Paraguay,3,0,,,,
1986,45,1986-06-21,Cuartos,México,Alemania Occidental,0,0,0,0,1,4
1986,46,1986-06-21,Cuartos,Brasil,Francia,1,1,0,0,3,4
1986,47,1986-06-22,Cuartos,Bélgica,España,1,1,0,0,5,4
1986,48,1986-06-22,Cuartos,Argentina,Inglaterra,2,1,,,,
1986,49,1986-06-25,Semis,Argentina,Bélgica,2,0,,,,
1986,50,1986-06-25,Semis,Alemania Occidental,Francia,2,0,,,,
1986,51,1986-06-28,3er Puesto,Bélgica,Francia,2,4,0,2,,
1986,52,1986-06-29,Final,Argentina,Alemania Occidental,3,2,,,,
1990,1,1990-06-08,"1ra Ronda, Grupo B",Argentina,Camerún,0,1,,,,
1990,2,1990-06-09,"1ra Ronda, Grupo B",URSS,Rumania,0,2,,,,
1990,3,1990-06-09,"1ra Ronda, Grupo A",Italia,Austria,1,0,,,,
1990,4,1990-06-09,"1ra Ronda, Grupo D",Emiratos Arabes,Colombia,0,2,,,,
1990,5,1990-06-10,"1ra Ronda, Grupo A",Estados Unidos,Checoslovaquia,1,5,,,,
1990,6,1990-06-10,"1ra Ronda, Grupo C",Brasil,Suecia,2,1,,,,
1990,7,1990-06-10,"1ra Ronda, Grupo D",Alemania Occidental,Yugoslavia,4,1,,,,
1990,8,1990-06-11,"1ra Ronda, Grupo C",Costa Rica,Escocia,1,0,,,,
1990,9,1990-06-11,"1ra Ronda, Grupo F",Inglaterra,Irlanda,1,1,,,,
1990,10,1990-06-12,"1ra Ronda, Grupo E",Bélgica,Corea del Sur,2,0,,,,
1990,11,1990-06-12,"1ra Ronda, Grupo F",Paises Bajos,Egipto,1,1,,,,
1990,12,1990-06-13,"1ra Ronda, Grupo E",Uruguay,España,0,0,,,,
1990,13,1990-06-13,"1ra Ronda, Grupo B",Argentina,URSS,2,0,,,,
1990,14,1990-06-14,"1ra Ronda, Grupo D",Yugoslavia,Colombia,1,0,,,,
1990,15,1990-06-14,"1ra Ronda, Grupo A",Italia,Estados Unidos,1,0,,,,
1990,16,1990-06-14,"1ra Ronda, Grupo B",Camerún,Rumania,2,1,,,,
1990,17,1990-06-15,"1ra Ronda, Grupo A",Austria,Checoslovaquia,0,1,,,,
1990,18,1990-06-15,"1ra Ronda, Grupo D",Alemania Occidental,Emiratos Arabes,5,1,,,,
1990,19,1990-06-16,"1ra Ronda, Grupo C",Brasil,Costa Rica,1,0,,,,
1990,20,1990-06-16,"1ra Ronda, Grupo C",Suecia,Escocia,1,2,,,,
1990,21,1990-06-16,"1ra Ronda, Grupo F",Inglaterra,Paises Bajos,0,0,,,,
1990,22,1990-06-17,"1ra Ronda, Grupo F",Irlanda,Egipto,0,0,,,,
1990,23,1990-06-17,"1ra Ronda, Grupo E",Bélgica,Uruguay,3,1,,,,
1990,24,1990-06-17,"1ra Ronda, Grupo E",Corea del Sur,España,1,3,,,,
1990,25,1990-06-18,"1ra Ronda, Grupo B",Argentina,Rumania,1,1,,,,
1990,26,1990-06-18,"1ra Ronda, Grupo B",Camerún,URSS,0,4,,,,
1990,27,1990-06-19,"1ra Ronda, Grupo D",Alemania Occidental,Colombia,1,1,,,,
1990,28,1990-06-19,"1ra Ronda, Grupo D",Yugoslavia,Emiratos Arabes,4,1,,,,
1990,29,1990-06-19,"1ra Ronda, Grupo A",Italia,Checoslovaquia,2,0,,,,
1990,30,1990-06-19,"1ra Ronda, Grupo A",Austria,Estados Unidos,2,1,,,,
1990,31,1990-06-20,"1ra Ronda, Grupo C",Brasil,Escocia,1,0,,,,
1990,32,1990-06-20,"1ra Ronda, Grupo C",Suecia,Costa Rica,1,2,,,,
1990,33,1990-06-21,"1ra Ronda, Grupo E",Bélgica,España,1,2,,,,
1990,34,1990-06-21,"1ra Ronda, Grupo E",Corea del Sur,Uruguay,0,1,,,,
1990,35,1990-06-21,"1ra Ronda, Grupo F",Inglaterra,Egipto,1,0,,,,
1990,36,1990-06-21,"1ra Ronda, Grupo F",Irlanda,Paises Bajos,1,1,,,,
1990,37,1990-06-23,Octavos,Camerún,Colombia,2,1,2,1,,
1990,38,1990-06-23,Octavos,Checoslovaquia,Costa Rica,4,1,,,,
1990,39,1990-06-24,Octavos,Brasil,Argentina,0,1,,,,
1990,40,1990-06-24,Octavos,Alemania Occidental,Paises Bajos,2,1,,,,
1990,41,1990-06-25,Octavos,Irlanda,Rumania,0,0,0,0,5,4
1990,42,1990-06-25,Octavos,Italia,Uruguay,2,0,,,,
1990,43,1990-06-26,Octavos,España,Yugoslavia,1,2,0,1,,
1990,44,1990-06-26,Octavos,Inglaterra,Bélgica,1,0,1,0,,
1990,45,1990-06-30,Cuartos,Argentina,Yugoslavia,0,0,0,0,3,2
1990,46,1990-06-30,Cuartos,Italia,Irlanda,1,0,,,,
1990,47,1990-07-01,Cuartos,Alemania Occidental,Checoslovaquia,1,0,,,,
1990,48,1990-07-01,Cuartos,Camerún,Inglaterra,2,3,0,1,,
1990,49,1990-07-03,Semis,Italia,Argentina,1,1,0,0,3,4
1990,50,1990-07-04,Semis,Inglaterra,Alemania Occidental,1,1,0,0,3,4
1990,51,1990-07-07,3er Puesto,Italia,Inglaterra,2,1,,,,
1990,52,1990-07-08,Final,Argentina,Alemania Occidental,0,1,,,,
1994,1,1994-06-17,"1ra Ronda, Grupo C",Alemania,Bolivia,1,0,,,,
1994,2,1994-06-17,"1ra Ronda, Grupo C",España,Corea del Sur,2,2,,,,
1994,3,1994-06-18,"1ra Ronda, Grupo A",Estados Unidos,Suiza,1,1,,,,
1994,4,1994-06-18,"1ra Ronda, Grupo E",Italia,Irlanda,0,1,,,,
1994,5,1994-06-18,"1ra Ronda, Grupo A",Colombia,Rumania,1,3,,,,
1994,6,1994-06-19,"1ra Ronda, Grupo F",Bélgica,Marruecos,1,0,,,,
1994,7,1994-06-19,"1ra Ronda, Grupo E",Noruega,México,1,0,,,,
1994,8,1994-06-19,"1ra Ronda, Grupo B",Camerún,Suecia,2,2,,,,
1994,9,1994-06-20,"1ra Ronda, Grupo B",Brasil,Rusia,2,0,,,,
1994,10,1994-06-20,"1ra Ronda, Grupo F",Paises Bajos,Arabia Saudita,2,1,,,,
1994,11,1994-06-21,"1ra Ronda, Grupo D",Argentina,Grecia,4,0,,,,
1994,12,1994-06-21,"1ra Ronda, Grupo C",Alemania,España,1,1,,,,
1994,13,1994-06-21,"1ra Ronda, Grupo D",Nigeria,Bulgaria,3,0,,,,
1994,14,1994-06-22,"1ra Ronda, Grupo A",Rumania,Suiza,1,4,,,,
1994,15,1994-06-22,"1ra Ronda, Grupo A",Estados Unidos,Colombia,2,1,,,,
1994,16,1994-06-23,"1ra Ronda, Grupo E",Italia,Noruega,1,0,,,,
1994,17,1994-06-23,"1ra Ronda, Grupo C",Corea del Sur,Bolivia,0,0,,,,
1994,18,1994-06-24,"1ra Ronda, Grupo E",México,Irlanda,2,1,,,,
1994,19,1994-06-24,"1ra Ronda, Grupo B",Brasil,Camerún,3,0,,,,
1994,20,1994-06-24,"1ra Ronda, Grupo B",Suecia,Rusia,3,1,,,,
1994,21,1994-06-25,"1ra Ronda, Grupo F",Bélgica,Paises Bajos,1,0,,,,
1994,22,1994-06-25,"1ra Ronda, Grupo F",Arabia Saudita,Marruecos,2,1,,,,
1994,23,1994-06-25,"1ra Ronda, Grupo D",Argentina,Nigeria,2,1,,,,
1994,24,1994-06-26,"1ra Ronda, Grupo D",Bulgaria,Grecia,4,0,,,,
1994,25,1994-06-26,"1ra Ronda, Grupo A",Estados Unidos,Rumania,0,1,,,,
1994,26,1994-06-26,"1ra Ronda, Grupo A",Suiza,Colombia,0,2,,,,
1994,27,1994-06-27,"1ra Ronda, Grupo C",Bolivia,España,1,3,,,,
1994,28,1994-06-27,"1ra Ronda, Grupo C",Alemania,Corea del Sur,3,2,,,,
1994,29,1994-06-28,"1ra Ronda, Grupo E",Irlanda,Noruega,0,0,,,,
1994,30,1994-06-28,"1ra Ronda, Grupo E",Italia,México,1,1,,,,
1994,31,1994-06-28,"1ra Ronda, Grupo B",Rusia,Camerún,6,1,,,,
1994,32,1994-06-28,"1ra Ronda, Grupo B",Brasil,Suecia,1,1,,,,
1994,33,1994-06-29,"1ra Ronda, Grupo F",Marruecos,Paises Bajos,1,2,,,,
1994,34,1994-06-29,"1ra Ronda, Grupo F",Bélgica,Arabia Saudita,0,1,,,,
1994,35,1994-06-30,"1ra Ronda, Grupo D",Grecia,Nigeria,0,2,,,,
1994,36,1994-06-30,"1ra Ronda, Grupo D",Argentina,Bulgaria,0,2,,,,
1994,37,1994-07-02,Octavos,Alemania,Bélgica,3,2,,,,
1994,38,1994-07-02,Octavos,España,Suiza,3,0,,,,
1994,39,1994-07-03,Octavos,Arabia Saudita,Suecia,1,3,,,,
1994,40,1994-07-03,Octavos,Rumania,Argentina,3,2,,,,
1994,41,1994-07-04,Octavos,Paises Bajos,Irlanda,2,0,,,,
1994,42,1994-07-04,Octavos,Brasil,Estados Unidos,1,0,,,,
1994,43,1994-07-05,Octavos,Nigeria,Italia,1,2,0,1,,
1994,44,1994-07-05,Octavos,México,Bulgaria,1,1,0,0,1,3
1994,45,1994-07-09,Cuartos,Italia,España,2,1,,,,
1994,46,1994-07-09,Cuartos,Paises Bajos,Brasil,2,3,,,,
1994,47,1994-07-10,Cuartos,Bulgaria,Alemania,2,1,,,,
1994,48,1994-07-10,Cuartos,Rumania,Suecia,2,2,1,1,4,5
1994,49,1994-07-13,Semis,Bulgaria,Italia,1,2,,,,
1994,50,1994-07-13,Semis,Suecia,Brasil,0,1,,,,
1994,51,1994-07-16,3er Puesto,Suecia,Bulgaria,4,0,,,,
1994,52,1994-07-17,Final,Brasil,Italia,0,0,0,0,3,2
1998,1,1998-06-10,"1ra Ronda, Grupo A",Brasil,Escocia,2,1,,,,
1998,2,1998-06-10,"1ra Ronda, Grupo A",Marruecos,Noruega,2,2,,,,
1998,3,1998-06-11,"1ra Ronda, Grupo B",Camerún,Austria,1,1,,,,
1998,4,1998-06-11,"1ra Ronda, Grupo B",Italia,Chile,2,2,,,,
1998,5,1998-06-12,"1ra Ronda, Grupo C",Arabia Saudita,Dinamarca,0,1,,,,
1998,6,1998-06-12,"1ra Ronda, Grupo C",Francia,Sudáfrica,3,0,,,,
1998,7,1998-06-12,"1ra Ronda, Grupo D",Paraguay,Bulgaria,0,0,,,,
1998,8,1998-06-13,"1ra Ronda, Grupo E",Paises Bajos,Bélgica,0,0,,,,
1998,9,1998-06-13,"1ra Ronda, Grupo E",Corea del Sur,México,1,3,,,,
1998,10,1998-06-13,"1ra Ronda, Grupo D",España,Nigeria,2,3,,,,
1998,11,1998-06-14,"1ra Ronda, Grupo H",Jamaica,Croacia,1,3,,,,
1998,12,1998-06-14,"1ra Ronda, Grupo F",RF de Yugoslavia,Irán,1,0,,,,
1998,13,1998-06-14,"1ra Ronda, Grupo H",Argentina,Japón,1,0,,,,
1998,14,1998-06-15,"1ra Ronda, Grupo F",Alemania,Estados Unidos,2,0,,,,
1998,15,1998-06-15,"1ra Ronda, Grupo G",Rumania,Colombia,1,0,,,,
1998,16,1998-06-15,"1ra Ronda, Grupo G",Inglaterra,Túnez,2,0,,,,
1998,17,1998-06-16,"1ra Ronda, Grupo A",Escocia,Noruega,1,1,,,,
1998,18,1998-06-16,"1ra Ronda, Grupo A",Brasil,Marruecos,3,0,,,,
1998,19,1998-06-17,"1ra Ronda, Grupo B",Chile,Austria,1,1,,,,
1998,20,1998-06-17,"1ra Ronda, Grupo B",Italia,Camerún,3,0,,,,
1998,21,1998-06-18,"1ra Ronda, Grupo C",Francia,Arabia Saudita,4,0,,,,
1998,22,1998-06-18,"1ra Ronda, Grupo C",Sudáfrica,Dinamarca,1,1,,,,
1998,23,1998-06-19,"1ra Ronda, Grupo D",Nigeria,Bulgaria,1,0,,,,
1998,24,1998-06-19,"1ra Ronda, Grupo D",España,Paraguay,0,0,,,,
1998,25,1998-06-20,"1ra Ronda, Grupo E",Paises Bajos,Corea del Sur,5,0,,,,
1998,26,1998-06-20,"1ra Ronda, Grupo E",Bélgica,México,2,2,,,,
1998,27,1998-06-20,"1ra Ronda, Grupo H",Japón,Croacia,0,1,,,,
1998,28,1998-06-21,"1ra Ronda, Grupo H",Argentina,Jamaica,5,0,,,,
1998,29,1998-06-21,"1ra Ronda, Grupo F",Alemania,RF de Yugoslavia,2,2,,,,
1998,30,1998-06-21,"1ra Ronda, Grupo F",Estados Unidos,Irán,1,2,,,,
1998,31,1998-06-22,"1ra Ronda, Grupo G",Colombia,Túnez,1,0,,,,
1998,32,1998-06-22,"1ra Ronda, Grupo G",Rumania,Inglaterra,2,1,,,,
1998,33,1998-06-23,"1ra Ronda, Grupo B",Italia,Austria,2,1,,,,
1998,34,1998-06-23,"1ra Ronda, Grupo A",Escocia,Marruecos,0,3,,,,
1998,35,1998-06-23,"1ra Ronda, Grupo A",Brasil,Noruega,1,2,,,,
1998,36,1998-06-23,"1ra Ronda, Grupo B",Chile,Camerún,1,1,,,,
1998,37,1998-06-24,"1ra Ronda, Grupo D",España,Bulgaria,6,1,,,,
1998,38,1998-06-24,"1ra Ronda, Grupo C",Francia,Dinamarca,2,1,,,,
1998,39,1998-06-24,"1ra Ronda, Grupo D",Nigeria,Paraguay,1,3,,,,
1998,40,1998-06-24,"1ra Ronda, Grupo C",Sudáfrica,Arabia Saudita,2,2,,,,
1998,41,1998-06-25,"1ra Ronda, Grupo E",Bélgica,Corea del Sur,1,1,,,,
1998,42,1998-06-25,"1ra Ronda, Grupo E",Paises Bajos,México,2,2,,,,
1998,43,1998-06-25,"1ra Ronda, Grupo F",Alemania,Irán,2,0,,,,
1998,44,1998-06-25,"1ra Ronda, Grupo F",Estados Unidos,RF de Yugoslavia,0,1,,,,
1998,45,1998-06-26,"1ra Ronda, Grupo G",Rumania,Túnez,1,1,,,,
1998,46,1998-06-26,"1ra Ronda, Grupo G",Colombia,Inglaterra,0,2,,,,
1998,47,1998-06-26,"1ra Ronda, Grupo H",Japón,Jamaica,1,2,,,,
1998,48,1998-06-26,"1ra Ronda, Grupo H",Argentina,Croacia,1,0,,,,
1998,49,1998-06-27,Octavos,Brasil,Chile,4,1,,,,
1998,50,1998-06-27,Octavos,Italia,Noruega,1,0,,,,
1998,51,1998-06-28,Octavos,Nigeria,Dinamarca,1,4,,,,
1998,52,1998-06-28,Octavos,Francia,Paraguay,1,0,1,0,,
1998,53,1998-06-29,Octavos,Alemania,México,2,1,,,,
1998,54,1998-06-29,Octavos,Paises Bajos,RF de Yugoslavia,2,1,,,,
1998,55,1998-06-30,Octavos,Argentina,Inglaterra,2,2,0,0,4,3
1998,56,1998-06-30,Octavos,Rumania,Croacia,0,1,,,,
1998,57,1998-07-03,Cuartos,Italia,Francia,0,0,0,0,3,4
1998,58,1998-07-03,Cuartos,Brasil,Dinamarca,3,2,,,,
1998,59,1998-07-04,Cuartos,Alemania,Croacia,0,3,,,,
1998,60,1998-07-04,Cuartos,Paises Bajos,Argentina,2,1,,,,
1998,61,1998-07-07,Semis,Brasil,Paises Bajos,1,1,0,0,4,2
1998,62,1998-07-08,Semis,Francia,Croacia,2,1,,,,
1998,63,1998-07-11,3er Puesto,Paises Bajos,Croacia,1,2,,,,
1998,64,1998-07-12,Final,Brasil,Francia,0,3,,,,
2002,1,2002-05-31,"1ra Ronda, Grupo A",Francia,Senegal,0,1,,,,
2002,2,2002-06-01,"1ra Ronda, Grupo E",Irlanda,Camerún,1,1,,,,
2002,3,2002-06-01,"1ra Ronda, Grupo A",Uruguay,Dinamarca,1,2,,,,
2002,4,2002-06-01,"1ra Ronda, Grupo E",Alemania,Arabia Saudita,8,0,,,,
2002,5,2002-06-02,"1ra Ronda, Grupo F",Inglaterra,Suecia,1,1,,,,
2002,6,2002-06-02,"1ra Ronda, Grupo B",Paraguay,Sudáfrica,2,2,,,,
2002,7,2002-06-02,"1ra Ronda, Grupo F",Argentina,Nigeria,1,0,,,,
2002,8,2002-06-02,"1ra Ronda, Grupo B",España,Eslovenia,3,1,,,,
2002,9,2002-06-03,"1ra Ronda, Grupo G",Croacia,México,0,1,,,,
2002,10,2002-06-03,"1ra Ronda, Grupo C",Brasil,Turquía,2,1,,,,
2002,11,2002-06-03,"1ra Ronda, Grupo G",Italia,Ecuador,2,0,,,,
2002,12,2002-06-04,"1ra Ronda, Grupo C",China,Costa Rica,0,2,,,,
2002,13,2002-06-04,"1ra Ronda, Grupo H",Japón,Bélgica,2,2,,,,
2002,14,2002-06-04,"1ra Ronda, Grupo D",Corea del Sur,Polonia,2,0,,,,
2002,15,2002-06-05,"1ra Ronda, Grupo H",Rusia,Túnez,2,0,,,,
2002,16,2002-06-05,"1ra Ronda, Grupo D",Estados Unidos,Portugal,3,2,,,,
2002,17,2002-06-05,"1ra Ronda, Grupo E",Alemania,Irlanda,1,1,,,,
2002,18,2002-06-06,"1ra Ronda, Grupo A",Francia,Uruguay,0,0,,,,
2002,19,2002-06-06,"1ra Ronda, Grupo E",Camerún,Arabia Saudita,1,0,,,,
2002,20,2002-06-06,"1ra Ronda, Grupo A",Dinamarca,Senegal,1,1,,,,
2002,21,2002-06-07,"1ra Ronda, Grupo F",Suecia,Nigeria,2,1,,,,
2002,22,2002-06-07,"1ra Ronda, Grupo B",España,Paraguay,3,1,,,,
2002,23,2002-06-07,"1ra Ronda, Grupo F",Argentina,Inglaterra,0,1,,,,
2002,24,2002-06-08,"1ra Ronda, Grupo B",Sudáfrica,Eslovenia,1,0,,,,
2002,25,2002-06-08,"1ra Ronda, Grupo G",Italia,Croacia,1,2,,,,
2002,26,2002-06-08,"1ra Ronda, Grupo C",Brasil,China,4,0,,,,
2002,27,2002-06-09,"1ra Ronda, Grupo G",México,Ecuador,2,1,,,,
2002,28,2002-06-09,"1ra Ronda, Grupo C",Costa Rica,Turquía,1,1,,,,
2002,29,2002-06-09,"1ra Ronda, Grupo H",Japón,Rusia,1,0,,,,
2002,30,2002-06-10,"1ra Ronda, Grupo D",Corea del Sur,Estados Unidos,1,1,,,,
2002,31,2002-06-10,"1ra Ronda, Grupo H",Túnez,Bélgica,1,1,,,,
2002,32,2002-06-10,"1ra Ronda, Grupo D",Portugal,Polonia,4,0,,,,
2002,33,2002-06-11,"1ra Ronda, Grupo A",Dinamarca,Francia,2,0,,,,
2002,34,2002-06-11,"1ra Ronda, Grupo A",Senegal,Uruguay,3,3,,,,
2002,35,2002-06-11,"1ra Ronda, Grupo E",Camerún,Alemania,0,2,,,,
2002,36,2002-06-11,"1ra Ronda, Grupo E",Arabia Saudita,Irlanda,0,3,,,,
2002,37,2002-06-12,"1ra Ronda, Grupo F",Suecia,Argentina,1,1,,,,
2002,38,2002-06-12,"1ra Ronda, Grupo F",Nigeria,Inglaterra,0,0,,,,
2002,39,2002-06-12,"1ra Ronda, Grupo B",Sudáfrica,España,2,3,,,,
2002,40,2002-06-12,"1ra Ronda, Grupo B",Eslovenia,Paraguay,1,3,,,,
2002,41,2002-06-13,"1ra Ronda, Grupo C",Costa Rica,Brasil,2,5,,,,
2002,42,2002-06-13,"1ra Ronda, Grupo C",Turquía,China,3,0,,,,
2002,43,2002-06-13,"1ra Ronda, Grupo G",México,Italia,1,1,,,,
2002,44,2002-06-13,"1ra Ronda, Grupo G",Ecuador,Croacia,1,0,,,,
2002,45,2002-06-14,"1ra Ronda, Grupo H",Túnez,Japón,0,2,,,,
2002,46,2002-06-14,"1ra Ronda, Grupo H",Bélgica,Rusia,3,2,,,,
2002,47,2002-06-14,"1ra Ronda, Grupo D",Portugal,Corea del Sur,0,1,,,,
2002,48,2002-06-14,"1ra Ronda, Grupo D",Polonia,Estados Unidos,3,1,,,,
2002,49,2002-06-15,Octavos,Alemania,Paraguay,1,0,,,,
2002,50,2002-06-15,Octavos,Dinamarca,Inglaterra,0,3,,,,
2002,51,2002-06-16,Octavos,Suecia,Senegal,1,2,0,1,,
2002,52,2002-06-16,Octavos,España,Irlanda,1,1,0,0,3,2
2002,53,2002-06-17,Octavos,México,Estados Unidos,0,2,,,,
2002,54,2002-06-17,Octavos,Brasil,Bélgica,2,0,,,,
2002,55,2002-06-18,Octavos,Japón,Turquía,0,1,,,,
2002,56,2002-06-18,Octavos,Corea del Sur,Italia,2,1,1,0,,
2002,57,2002-06-21,Cuartos,Inglaterra,Brasil,1,2,,,,
2002,58,2002-06-21,Cuartos,Alemania,Estados Unidos,1,0,,,,
2002,59,2002-06-22,Cuartos,España,Corea del Sur,0,0,0,0,3,5
2002,60,2002-06-22,Cuartos,Senegal,Turquía,0,1,0,1,,
2002,61,2002-06-25,Semis,Alemania,Corea del Sur,1,0,,,,
2002,62,2002-06-26,Semis,Brasil,Turquía,1,0,,,,
2002,63,2002-06-29,3er Puesto,Corea del Sur,Turquía,2,3,,,,
2002,64,2002-06-30,Final,Alemania,Brasil,0,2,,,,
2006,1,2006-06-09,"1ra Ronda, Grupo A",Alemania,Costa Rica,4,2,,,,
2006,2,2006-06-09,"1ra Ronda, Grupo A",Polonia,Ecuador,0,2,,,,
2006,3,2006-06-10,"1ra Ronda, Grupo B",Inglaterra,Paraguay,1,0,,,,
2006,4,2006-06-10,"1ra Ronda, Grupo B",Trinidad y Tobago,Suecia,0,0,,,,
2006,5,2006-06-10,"1ra Ronda, Grupo C",Argentina,Costa de Marfil,2,1,,,,
2006,6,2006-06-11,"1ra Ronda, Grupo C",Serbia y Montenegro,Paises Bajos,0,1,,,,
2006,7,2006-06-11,"1ra Ronda, Grupo D",México,Irán,3,1,,,,
2006,8,2006-06-11,"1ra Ronda, Grupo D",Angola,Portugal,0,1,,,,
2006,9,2006-06-12,"1ra Ronda, Grupo E",Italia,Ghana,2,0,,,,
2006,10,2006-06-12,"1ra Ronda, Grupo E",Estados Unidos,República Checa,0,3,,,,
2006,11,2006-06-12,"1ra Ronda, Grupo F",Australia,Japón,3,1,,,,
2006,12,2006-06-13,"1ra Ronda, Grupo F",Brasil,Croacia,1,0,,,,
2006,13,2006-06-13,"1ra Ronda, Grupo G",Francia,Suiza,0,0,,,,
2006,14,2006-06-13,"1ra Ronda, Grupo G",Corea del Sur,Togo,2,1,,,,
2006,15,2006-06-14,"1ra Ronda, Grupo H",España,Ucrania,4,0,,,,
2006,16,2006-06-14,"1ra Ronda, Grupo H",Túnez,Arabia Saudita,2,2,,,,
2006,17,2006-06-14,"1ra Ronda, Grupo A",Alemania,Polonia,1,0,,,,
2006,18,2006-06-15,"1ra Ronda, Grupo A",Ecuador,Costa Rica,3,0,,,,
2006,19,2006-06-15,"1ra Ronda, Grupo B",Inglaterra,Trinidad y Tobago,2,0,,,,
2006,20,2006-06-15,"1ra Ronda, Grupo B",Suecia,Paraguay,1,0,,,,
2006,21,2006-06-16,"1ra Ronda, Grupo C",Argentina,Serbia y Montenegro,6,0,,,,
2006,22,2006-06-16,"1ra Ronda, Grupo C",Paises Bajos,Costa de Marfil,2,1,,,,
2006,23,2006-06-16,"1ra Ronda, Grupo D",México,Angola,0,0,,,,
2006,24,2006-06-17,"1ra Ronda, Grupo D",Portugal,Irán,2,0,,,,
2006,25,2006-06-17,"1ra Ronda, Grupo E",Italia,Estados Unidos,1,1,,,,
2006,26,2006-06-17,"1ra Ronda, Grupo E",República Checa,Ghana,0,2,,,,
2006,27,2006-06-18,"1ra Ronda, Grupo F",Brasil,Australia,2,0,,,,
2006,28,2006-06-18,"1ra Ronda, Grupo F",Japón,Croacia,0,0,,,,
2006,29,2006-06-18,"1ra Ronda, Grupo G",Francia,Corea del Sur,1,1,,,,
2006,30,2006-06-19,"1ra Ronda, Grupo G",Togo,Suiza,0,2,,,,
2006,31,2006-06-19,"1ra Ronda, Grupo H",España,Túnez,3,1,,,,
2006,32,2006-06-19,"1ra Ronda, Grupo H",Arabia Saudita,Ucrania,0,4,,,,
2006,33,2006-06-20,"1ra Ronda, Grupo A",Ecuador,Alemania,0,3,,,,
2006,34,2006-06-20,"1ra Ronda, Grupo A",Costa Rica,Polonia,1,2,,,,
2006,35,2006-06-20,"1ra Ronda, Grupo B",Suecia,Inglaterra,2,2,,,,
2006,36,2006-06-20,"1ra Ronda, Grupo B",Paraguay,Trinidad y Tobago,2,0,,,,
2006,37,2006-06-21,"1ra Ronda, Grupo C",Paises Bajos,Argentina,0,0,,,,
2006,38,2006-06-21,"1ra Ronda, Grupo C",Costa de Marfil,Serbia y Montenegro,3,2,,,,
2006,39,2006-06-21,"1ra Ronda, Grupo D",Portugal,México,2,1,,,,
2006,40,2006-06-21,"1ra Ronda, Grupo D",Irán,Angola,1,1,,,,
2006,41,2006-06-22,"1ra Ronda, Grupo E",República Checa,Italia,0,2,,,,
2006,42,2006-06-22,"1ra Ronda, Grupo E",Ghana,Estados Unidos,2,1,,,,
2006,43,2006-06-22,"1ra Ronda, Grupo F",Japón,Brasil,1,4,,,,
2006,44,2006-06-22,"1ra Ronda, Grupo F",Croacia,Australia,2,2,,,,
2006,45,2006-06-23,"1ra Ronda, Grupo G",Togo,Francia,0,2,,,,
2006,46,2006-06-23,"1ra Ronda, Grupo G",Suiza,Corea del Sur,2,0,,,,
2006,47,2006-06-23,"1ra Ronda, Grupo H",Arabia Saudita,España,0,1,,,,
2006,48,2006-06-23,"1ra Ronda, Grupo H",Ucrania,Túnez,1,0,,,,
2006,49,2006-06-24,Octavos,Alemania,Suecia,2,0,,,,
2006,50,2006-06-24,Octavos,Argentina,México,2,1,1,0,,
2006,51,2006-06-25,Octavos,Inglaterra,Ecuador,1,0,,,,
2006,52,2006-06-25,Octavos,Portugal,Paises Bajos,1,0,,,,
2006,53,2006-06-26,Octavos,Italia,Australia,1,0,,,,
2006,54,2006-06-26,Octavos,Suiza,Ucrania,0,0,0,0,0,3
2006,55,2006-06-27,Octavos,Brasil,Ghana,3,0,,,,
2006,56,2006-06-27,Octavos,España,Francia,1,3,,,,
2006,57,2006-06-30,Cuartos,Alemania,Argentina,1,1,0,0,4,2
2006,58,2006-06-30,Cuartos,Italia,Ucrania,3,0,,,,
2006,59,2006-07-01,Cuartos,Inglaterra,Portugal,0,0,0,0,1,3
2006,60,2006-07-01,Cuartos,Brasil,Francia,0,1,,,,
2006,61,2006-07-04,Semis,Alemania,Italia,0,2,0,2,,
2006,62,2006-07-05,Semis,Portugal,Francia,0,1,,,,
2006,63,2006-07-08,3er Puesto,Alemania,Portugal,3,1,,,,
2006,64,2006-07-09,Final,Italia,Francia,1,1,0,0,5,3
2010,1,2010-06-11,"1ra Ronda, Grupo A",Sudáfrica,México,1,1,,,,
2010,2,2010-06-11,"1ra Ronda, Grupo A",Uruguay,Francia,0,0,,,,
2010,3,2010-06-12,"1ra Ronda, Grupo B",Argentina,Nigeria,1,0,,,,
2010,4,2010-06-12,"1ra Ronda, Grupo B",Corea del Sur,Grecia,2,0,,,,
2010,5,2010-06-12,"1ra Ronda, Grupo C",Inglaterra,Estados Unidos,1,1,,,,
2010,6,2010-06-13,"1ra Ronda, Grupo C",Argelia,Eslovenia,0,1,,,,
2010,7,2010-06-13,"1ra Ronda, Grupo D",Alemania,Australia,4,0,,,,
2010,8,2010-06-13,"1ra Ronda, Grupo D",Serbia,Ghana,0,1,,,,
2010,9,2010-06-14,"1ra Ronda, Grupo E",Paises Bajos,Dinamarca,2,0,,,,
2010,10,2010-06-14,"1ra Ronda, Grupo E",Japón,Camerún,1,0,,,,
2010,11,2010-06-14,"1ra Ronda, Grupo F",Italia,Paraguay,1,1,,,,
2010,12,2010-06-15,"1ra Ronda, Grupo F",Nueva Zelanda,Eslovaquia,1,1,,,,
2010,13,2010-06-15,"1ra Ronda, Grupo G",Costa de Marfil,Portugal,0,0,,,,
2010,14,2010-06-15,"1ra Ronda, Grupo G",Brasil,Corea del Norte,2,1,,,,
2010,15,2010-06-16,"1ra Ronda, Grupo H",Honduras,Chile,0,1,,,,
2010,16,2010-06-16,"1ra Ronda, Grupo H",España,Suiza,0,1,,,,
2010,17,2010-06-16,"1ra Ronda, Grupo A",Sudáfrica,Uruguay,0,3,,,,
2010,18,2010-06-17,"1ra Ronda, Grupo A",Francia,México,0,2,,,,
2010,19,2010-06-17,"1ra Ronda, Grupo B",Grecia,Nigeria,2,1,,,,
2010,20,2010-06-17,"1ra Ronda, Grupo B",Argentina,Corea del Sur,4,1,,,,
2010,21,2010-06-18,"1ra Ronda, Grupo D",Alemania,Serbia,0,1,,,,
2010,22,2010-06-18,"1ra Ronda, Grupo C",Eslovenia,Estados Unidos,2,2,,,,
2010,23,2010-06-18,"1ra Ronda, Grupo C",Inglaterra,Argelia,0,0,,,,
2010,24,2010-06-19,"1ra Ronda, Grupo D",Ghana,Australia,1,1,,,,
2010,25,2010-06-19,"1ra Ronda, Grupo E",Paises Bajos,Japón,1,0,,,,
2010,26,2010-06-19,"1ra Ronda, Grupo E",Camerún,Dinamarca,1,2,,,,
2010,27,2010-06-20,"1ra Ronda, Grupo F",Eslovaquia,Paraguay,0,2,,,,
2010,28,2010-06-20,"1ra Ronda, Grupo F",Italia,Nueva Zelanda,1,1,,,,
2010,29,2010-06-20,"1ra Ronda, Grupo G",Brasil,Costa de Marfil,3,1,,,,
2010,30,2010-06-21,"1ra Ronda, Grupo G",Portugal,Corea del Norte,7,0,,,,
2010,31,2010-06-21,"1ra Ronda, Grupo H",Chile,Suiza,1,0,,,,
2010,32,2010-06-21,"1ra Ronda, Grupo H",España,Honduras,2,0,,,,
2010,33,2010-06-22,"1ra Ronda, Grupo A",México,Uruguay,0,1,,,,
2010,34,2010-06-22,"1ra Ronda, Grupo A",Francia,Sudáfrica,1,2,,,,
2010,35,2010-06-22,"1ra Ronda, Grupo B",Nigeria,Corea del Sur,2,2,,,,
2010,36,2010-06-22,"1ra Ronda, Grupo B",Grecia,Argentina,0,2,,,,
2010,37,2010-06-23,"1ra Ronda, Grupo C",Eslovenia,Inglaterra,0,1,,,,
2010,38,2010-06-23,"1ra Ronda, Grupo C",Estados Unidos,Argelia,1,0,,,,
2010,39,2010-06-23,"1ra Ronda, Grupo D",Ghana,Alemania,0,1,,,,
2010,40,2010-06-23,"1ra Ronda, Grupo D",Australia,Serbia,2,1,,,,
2010,41,2010-06-24,"1ra Ronda, Grupo F",Eslovaquia,Italia,3,2,,,,
2010,42,2010-06-24,"1ra Ronda, Grupo F",Paraguay,Nueva Zelanda,0,0,,,,
2010,43,2010-06-24,"1ra Ronda, Grupo E",Dinamarca,Japón,1,3,,,,
2010,44,2010-06-24,"1ra Ronda, Grupo E",Camerún,Paises Bajos,1,2,,,,
2010,45,2010-06-25,"1ra Ronda, Grupo G",Portugal,Brasil,0,0,,,,
2010,46,2010-06-25,"1ra Ronda, Grupo G",Corea del Norte,Costa de Marfil,0,3,,,,
2010,47,2010-06-25,"1ra Ronda, Grupo H",Chile,España,1,2,,,,
2010,48,2010-06-25,"1ra Ronda, Grupo H",Suiza,Honduras,0,0,,,,
2010,49,2010-06-26,Octavos,Uruguay,Corea del Sur,2,1,,,,
2010,50,2010-06-26,Octavos,Estados Unidos,Ghana,1,2,0,1,,
2010,51,2010-06-27,Octavos,Alemania,Inglaterra,4,1,,,,
2010,52,2010-06-27,Octavos,Argentina,México,3,1,,,,
2010,53,2010-06-28,Octavos,Paises Bajos,Eslovaquia,2,1,,,,
2010,54,2010-06-28,Octavos,Brasil,Chile,3,0,,,,
2010,55,2010-06-29,Octavos,Paraguay,Japón,0,0,0,0,5,3
2010,56,2010-06-29,Octavos,España,Portugal,1,0,,,,
2010,57,2010-07-02,Cuartos,Paises Bajos,Brasil,2,1,,,,
2010,58,2010-07-02,Cuartos,Uruguay,Ghana,1,1,0,0,4,2
2010,59,2010-07-03,Cuartos,Argentina,Alemania,0,4,,,,
2010,60,2010-07-03,Cuartos,Paraguay,España,0,1,,,,
2010,61,2010-07-06,Semis,Uruguay,Paises Bajos,2,3,,,,
2010,62,2010-07-07,Semis,Alemania,España,0,1,,,,
2010,63,2010-07-10,3er Puesto,Uruguay,Alemania,2,3,,,,
2010,64,2010-07-11,Final,Paises Bajos,España,0,1,0,1,,
2014,1,2014-06-12,"1ra Ronda, Grupo A",Brasil,Croacia,3,1,,,,
2014,2,2014-06-13,"1ra Ronda, Grupo A",México,Camerún,1,0,,,,
2014,3,2014-06-13,"1ra Ronda, Grupo B",España,Paises Bajos,1,5,,,,
2014,4,2014-06-13,"1ra Ronda, Grupo B",Chile,Australia,3,1,,,,
2014,5,2014-06-14,"1ra Ronda, Grupo C",Colombia,Grecia,3,0,,,,
2014,6,2014-06-14,"1ra Ronda, Grupo C",Costa de Marfil,Japón,2,1,,,,
2014,7,2014-06-14,"1ra Ronda, Grupo D",Uruguay,Costa Rica,1,3,,,,
2014,8,2014-06-14,"1ra Ronda, Grupo D",Inglaterra,Italia,1,2,,,,
2014,9,2014-06-15,"1ra Ronda, Grupo E",Suiza,Ecuador,2,1,,,,
2014,10,2014-06-15,"1ra Ronda, Grupo E",Francia,Honduras,3,0,,,,
2014,11,2014-06-15,"1ra Ronda, Grupo F",Argentina,Bosnia-Herzegovina,2,1,,,,
2014,12,2014-06-16,"1ra Ronda, Grupo F",Irán,Nigeria,0,0,,,,
2014,13,2014-06-16,"1ra Ronda, Grupo G",Alemania,Portugal,4,0,,,,
2014,14,2014-06-16,"1ra Ronda, Grupo G",Ghana,Estados Unidos,1,2,,,,
2014,15,2014-06-17,"1ra Ronda, Grupo H",Bélgica,Argelia,2,1,,,,
2014,16,2014-06-17,"1ra Ronda, Grupo H",Rusia,Corea del Sur,1,1,,,,
2014,17,2014-06-17,"1ra Ronda, Grupo A",Brasil,México,0,0,,,,
2014,18,2014-06-18,"1ra Ronda, Grupo A",Camerún,Croacia,0,4,,,,
2014,19,2014-06-18,"1ra Ronda, Grupo B",España,Chile,0,2,,,,
2014,20,2014-06-18,"1ra Ronda, Grupo B",Australia,Paises Bajos,2,3,,,,
2014,21,2014-06-19,"1ra Ronda, Grupo C",Colombia,Costa de Marfil,2,1,,,,
2014,22,2014-06-19,"1ra Ronda, Grupo C",Japón,Grecia,0,0,,,,
2014,23,2014-06-19,"1ra Ronda, Grupo D",Uruguay,Inglaterra,2,1,,,,
2014,24,2014-06-20,"1ra Ronda, Grupo D",Italia,Costa Rica,0,1,,,,
2014,25,2014-06-20,"1ra Ronda, Grupo E",Suiza,Francia,2,5,,,,
2014,26,2014-06-20,"1ra Ronda, Grupo E",Honduras,Ecuador,1,2,,,,
2014,27,2014-06-21,"1ra Ronda, Grupo F",Argentina,Irán,1,0,,,,
2014,28,2014-06-21,"1ra Ronda, Grupo F",Nigeria,Bosnia-Herzegovina,1,0,,,,
2014,29,2014-06-21,"1ra Ronda, Grupo G",Alemania,Ghana,2,2,,,,
2014,30,2014-06-22,"1ra Ronda, Grupo G",Estados Unidos,Portugal,2,2,,,,
2014,31,2014-06-22,"1ra Ronda, Grupo H",Bélgica,Rusia,1,0,,,,
2014,32,2014-06-22,"1ra Ronda, Grupo H",Corea del Sur,Argelia,2,4,,,,
2014,33,2014-06-23,"1ra Ronda, Grupo A",Camerún,Brasil,1,4,,,,
2014,34,2014-06-23,"1ra Ronda, Grupo A",Croacia,México,1,3,,,,
2014,35,2014-06-23,"1ra Ronda, Grupo B",Australia,España,0,3,,,,
2014,36,2014-06-23,"1ra Ronda, Grupo B",Paises Bajos,Chile,2,0,,,,
2014,37,2014-06-24,"1ra Ronda, Grupo C",Japón,Colombia,1,4,,,,
2014,38,2014-06-24,"1ra Ronda, Grupo C",Grecia,Costa de Marfil,2,1,,,,
2014,39,2014-06-24,"1ra Ronda, Grupo D",Italia,Uruguay,0,1,,,,
2014,40,2014-06-24,"1ra Ronda, Grupo D",Costa Rica,Inglaterra,0,0,,,,
2014,41,2014-06-25,"1ra Ronda, Grupo E",Honduras,Suiza,0,3,,,,
2014,42,2014-06-25,"1ra Ronda, Grupo E",Ecuador,Francia,0,0,,,,
2014,43,2014-06-25,"1ra Ronda, Grupo F",Nigeria,Argentina,2,3,,,,
2014,44,2014-06-25,"1ra Ronda, Grupo F",Bosnia-Herzegovina,Irán,3,1,,,,
2014,45,2014-06-26,"1ra Ronda, Grupo G",Estados Unidos,Alemania,0,1,,,,
2014,46,2014-06-26,"1ra Ronda, Grupo G",Portugal,Ghana,2,1,,,,
2014,47,2014-06-26,"1ra Ronda, Grupo H",Corea del Sur,Bélgica,0,1,,,,
2014,48,2014-06-26,"1ra Ronda, Grupo H",Argelia,Rusia,1,1,,,,
2014,49,2014-06-28,Octavos,Brasil,Chile,1,1,0,0,3,2
2014,50,2014-06-28,Octavos,Colombia,Uruguay,2,0,,,,
2014,51,2014-06-29,Octavos,Paises Bajos,México,2,1,,,,
2014,52,2014-06-29,Octavos,Costa Rica,Grecia,1,1,0,0,5,3
2014,53,2014-06-30,Octavos,Francia,Nigeria,2,0,,,,
2014,54,2014-06-30,Octavos,Alemania,Argelia,2,1,2,1,,
2014,55,2014-07-01,Octavos,Argentina,Suiza,1,0,1,0,,
2014,56,2014-07-01,Octavos,Bélgica,Estados Unidos,2,1,2,1,,
2014,57,2014-07-04,Cuartos,Brasil,Colombia,2,1,,,,
2014,58,2014-07-04,Cuartos,Francia,Alemania,0,1,,,,
2014,59,2014-07-05,Cuartos,Paises Bajos,Costa Rica,0,0,0,0,4,3
2014,60,2014-07-05,Cuartos,Argentina,Bélgica,1,0,,,,
2014,61,2014-07-08,Semis,Brasil,Alemania,1,7,,,,
2014,62,2014-07-09,Semis,Paises Bajos,Argentina,0,0,0,0,2,4
2014,63,2014-07-12,3er Puesto,Brasil,Paises Bajos,0,3,,,,
2014,64,2014-07-13,Final,Alemania,Argentina,1,0,1,0,,
2018,1,2018-06-14,"1ra Ronda, Grupo A",Rusia,Arabia Saudita,5,0,,,,
2018,2,2018-06-15,"1ra Ronda, Grupo A",Egipto,Uruguay,0,1,,,,
2018,3,2018-06-15,"1ra Ronda, Grupo B",Portugal,España,3,3,,,,
2018,4,2018-06-15,"1ra Ronda, Grupo B",Marruecos,Irán,0,1,,,,
2018,5,2018-06-16,"1ra Ronda, Grupo C",Francia,Australia,2,1,,,,
2018,6,2018-06-16,"1ra Ronda, Grupo C",Perú,Dinamarca,0,1,,,,
2018,7,2018-06-16,"1ra Ronda, Grupo D",Argentina,Islandia,1,1,,,,
2018,8,2018-06-16,"1ra Ronda, Grupo D",Croacia,Nigeria,2,0,,,,
2018,9,2018-06-17,"1ra Ronda, Grupo E",Brasil,Suiza,1,1,,,,
2018,10,2018-06-17,"1ra Ronda, Grupo E",Costa Rica,Serbia,0,1,,,,
2018,11,2018-06-17,"1ra Ronda, Grupo F",Alemania,México,0,1,,,,
2018,12,2018-06-18,"1ra Ronda, Grupo F",Suecia,Corea del Sur,1,0,,,,
2018,13,2018-06-18,"1ra Ronda, Grupo G",Bélgica,Panamá,3,0,,,,
2018,14,2018-06-18,"1ra Ronda, Grupo G",Túnez,Inglaterra,1,2,,,,
2018,15,2018-06-19,"1ra Ronda, Grupo H",Polonia,Senegal,1,2,,,,
2018,16,2018-06-19,"1ra Ronda, Grupo H",Colombia,Japón,1,2,,,,
2018,17,2018-06-19,"1ra Ronda, Grupo A",Rusia,Egipto,3,1,,,,
2018,18,2018-06-20,"1ra Ronda, Grupo A",Uruguay,Arabia Saudita,1,0,,,,
2018,19,2018-06-20,"1ra Ronda, Grupo B",Portugal,Marruecos,1,0,,,,
2018,20,2018-06-20,"1ra Ronda, Grupo B",Irán,España,0,1,,,,
2018,21,2018-06-21,"1ra Ronda, Grupo C",Francia,Perú,1,0,,,,
2018,22,2018-06-21,"1ra Ronda, Grupo C",Dinamarca,Australia,1,1,,,,
2018,23,2018-06-21,"1ra Ronda, Grupo D",Argentina,Croacia,0,3,,,,
2018,24,2018-06-22,"1ra Ronda, Grupo D",Nigeria,Islandia,2,0,,,,
2018,25,2018-06-22,"1ra Ronda, Grupo E",Brasil,Costa Rica,2,0,,,,
2018,26,2018-06-22,"1ra Ronda, Grupo E",Serbia,Suiza,1,2,,,,
2018,27,2018-06-23,"1ra Ronda, Grupo F",Alemania,Suecia,2,1,,,,
2018,28,2018-06-23,"1ra Ronda, Grupo F",Corea del Sur,México,1,2,,,,
2018,29,2018-06-23,"1ra Ronda, Grupo G",Bélgica,Túnez,5,2,,,,
2018,30,2018-06-24,"1ra Ronda, Grupo G",Inglaterra,Panamá,6,1,,,,
2018,31,2018-06-24,"1ra Ronda, Grupo H",Polonia,Colombia,0,3,,,,
2018,32,2018-06-24,"1ra Ronda, Grupo H",Japón,Senegal,2,2,,,,
2018,33,2018-06-25,"1ra Ronda, Grupo A",Uruguay,Rusia,3,0,,,,
2018,34,2018-06-25,"1ra Ronda, Grupo A",Arabia Saudita,Egipto,2,1,,,,
2018,35,2018-06-25,"1ra Ronda, Grupo B",Irán,Portugal,1,1,,,,
2018,36,2018-06-25,"1ra Ronda, Grupo B",España,Marruecos,2,2,,,,
2018,37,2018-06-26,"1ra Ronda, Grupo C",Dinamarca,Francia,0,0,,,,
2018,38,2018-06-26,"1ra Ronda, Grupo C",Australia,Perú,0,2,,,,
2018,39,2018-06-26,"1ra Ronda, Grupo D",Nigeria,Argentina,1,2,,,,
2018,40,2018-06-26,"1ra Ronda, Grupo D",Islandia,Croacia,1,2,,,,
2018,41,2018-06-27,"1ra Ronda, Grupo E",Serbia,Brasil,0,2,,,,
2018,42,2018-06-27,"1ra Ronda, Grupo E",Suiza,Costa Rica,2,2,,,,
2018,43,2018-06-27,"1ra Ronda, Grupo F",Corea del Sur,Alemania,2,0,,,,
2018,44,2018-06-27,"1ra Ronda, Grupo F",México,Suecia,0,3,,,,
2018,45,2018-06-28,"1ra Ronda, Grupo G",Inglaterra,Bélgica,0,1,,,,
2018,46,2018-06-28,"1ra Ronda, Grupo G",Panamá,Túnez,1,2,,,,
2018,47,2018-06-28,"1ra Ronda, Grupo H",Japón,Polonia,0,1,,,,
2018,48,2018-06-28,"1ra Ronda, Grupo H",Senegal,Colombia,0,1,,,,
2018,49,2018-06-30,Octavos,Uruguay,Portugal,2,1,,,,
2018,50,2018-06-30,Octavos,Francia,Argentina,4,3,,,,
2018,51,2018-07-01,Octavos,España,Rusia,1,1,0,0,3,4
2018,52,2018-07-01,Octavos,Croacia,Dinamarca,1,1,0,0,3,2
2018,53,2018-07-02,Octavos,Brasil,México,2,0,,,,
2018,54,2018-07-02,Octavos,Bélgica,Japón,3,2,,,,
2018,55,2018-07-03,Octavos,Suecia,Suiza,1,0,,,,
2018,56,2018-07-03,Octavos,Colombia,Inglaterra,1,1,0,0,3,4
2018,57,2018-07-06,Cuartos,Uruguay,Francia,0,2,,,,
2018,58,2018-07-06,Cuartos,Brasil,Bélgica,1,2,,,,
2018,59,2018-07-07,Cuartos,Rusia,Croacia,2,2,1,1,3,4
2018,60,2018-07-07,Cuartos,Suecia,Inglaterra,0,2,,,,
2018,61,2018-07-10,Semis,Francia,Bélgica,1,0,,,,
2018,62,2018-07-11,Semis,Croacia,Inglaterra,2,1,1,0,,
2018,63,2018-07-14,3er Puesto,Bélgica,Inglaterra,2,0,,,,
2018,64,2018-07-15,Final,Francia,Croacia,4,2,,,,
2022,1,2022-11-20,"1ra Ronda, Grupo A",Catar,Ecuador,0,2,,,,
2022,2,2022-11-21,"1ra Ronda, Grupo B",Inglaterra,Irán,6,2,,,,
2022,3,2022-11-21,"1ra Ronda, Grupo A",Senegal,Paises Bajos,0,2,,,,
2022,4,2022-11-21,"1ra Ronda, Grupo B",Estados Unidos,Gales,1,1,,,,
2022,5,2022-11-22,"1ra Ronda, Grupo C",Argentina,Arabia Saudita,1,2,,,,
2022,6,2022-11-22,"1ra Ronda, Grupo D",Dinamarca,Túnez,0,0,,,,
2022,7,2022-11-22,"1ra Ronda, Grupo C",México,Polonia,0,0,,,,
2022,8,2022-11-22,"1ra Ronda, Grupo D",Francia,Australia,4,1,,,,
2022,9,2022-11-23,"1ra Ronda, Grupo F",Marruecos,Croacia,0,0,,,,
2022,10,2022-11-23,"1ra Ronda, Grupo E",Alemania,Japón,1,2,,,,
2022,11,2022-11-23,"1ra Ronda, Grupo E",España,Costa Rica,7,0,,,,
2022,12,2022-11-23,"1ra Ronda, Grupo F",Bélgica,Canadá,1,0,,,,
2022,13,2022-11-24,"1ra Ronda, Grupo G",Suiza,Camerún,1,0,,,,
2022,14,2022-11-24,"1ra Ronda, Grupo H",Uruguay,Corea del Sur,0,0,,,,
2022,15,2022-11-24,"1ra Ronda, Grupo H",Portugal,Ghana,3,2,,,,
2022,16,2022-11-24,"1ra Ronda, Grupo G",Brasil,Serbia,2,0,,,,
2022,17,2022-11-25,"1ra Ronda, Grupo B",Gales,Irán,0,2,,,,
2022,18,2022-11-25,"1ra Ronda, Grupo A",Catar,Senegal,1,3,,,,
2022,19,2022-11-25,"1ra Ronda, Grupo A",Paises Bajos,Ecuador,1,1,,,,
2022,20,2022-11-25,"1ra Ronda, Grupo B",Inglaterra,Estados Unidos,0,0,,,,
2022,21,2022-11-26,"1ra Ronda, Grupo D",Túnez,Australia,0,1,,,,
2022,22,2022-11-26,"1ra Ronda, Grupo C",Polonia,Arabia Saudita,2,0,,,,
2022,23,2022-11-26,"1ra Ronda, Grupo D",Francia,Dinamarca,2,1,,,,
2022,24,2022-11-26,"1ra Ronda, Grupo C",Argentina,México,2,0,,,,
2022,25,2022-11-27,"1ra Ronda, Grupo E",Japón,Costa Rica,0,1,,,,
2022,26,2022-11-27,"1ra Ronda, Grupo F",Bélgica,Marruecos,0,2,,,,
2022,27,2022-11-27,"1ra Ronda, Grupo F",Croacia,Canadá,4,1,,,,
2022,28,2022-11-27,"1ra Ronda, Grupo E",España,Alemania,1,1,,,,
2022,29,2022-11-28,"1ra Ronda, Grupo G",Camerún,Serbia,3,3,,,,
2022,30,2022-11-28,"1ra Ronda, Grupo H",Corea del Sur,Ghana,2,3,,,,
2022,31,2022-11-28,"1ra Ronda, Grupo G",Brasil,Suiza,1,0,,,,
2022,32,2022-11-28,"1ra Ronda, Grupo H",Portugal,Uruguay,2,0,,,,
2022,33,2022-11-29,"1ra Ronda, Grupo A",Paises Bajos,Catar,2,0,,,,
2022,34,2022-11-29,"1ra Ronda, Grupo A",Ecuador,Senegal,1,2,,,,
2022,35,2022-11-29,"1ra Ronda, Grupo B",Gales,Inglaterra,0,3,,,,
2022,36,2022-11-29,"1ra Ronda, Grupo B",Irán,Estados Unidos,0,1,,,,
2022,37,2022-11-30,"1ra Ronda, Grupo D",Australia,Dinamarca,1,0,,,,
2022,38,2022-11-30,"1ra Ronda, Grupo D",Túnez,Francia,1,0,,,,
2022,39,2022-11-30,"1ra Ronda, Grupo C",Arabia Saudita,México,1,2,,,,
2022,40,2022-11-30,"1ra Ronda, Grupo C",Polonia,Argentina,0,2,,,,
2022,41,2022-12-01,"1ra Ronda, Grupo F",Croacia,Bélgica,0,0,,,,
2022,42,2022-12-01,"1ra Ronda, Grupo F",Canadá,Marruecos,1,2,,,,
2022,43,2022-12-01,"1ra Ronda, Grupo E",Japón,España,2,1,,,,
2022,44,2022-12-01,"1ra Ronda, Grupo E",Costa Rica,Alemania,2,4,,,,
2022,45,2022-12-02,"1ra Ronda, Grupo H",Ghana,Uruguay,0,2,,,,
2022,46,2022-12-02,"1ra Ronda, Grupo H",Corea del Sur,Portugal,2,1,,,,
2022,47,2022-12-02,"1ra Ronda, Grupo G",Serbia,Suiza,2,3,,,,
2022,48,2022-12-02,"1ra Ronda, Grupo G",Camerún,Brasil,1,0,,,,
2022,49,2022-12-03,Octavos,Paises Bajos,Estados Unidos,3,1,,,,
2022,50,2022-12-03,Octavos,Argentina,Australia,2,1,,,,
2022,51,2022-12-04,Octavos,Inglaterra,Senegal,3,0,,,,
2022,52,2022-12-04,Octavos,Francia,Polonia,3,1,,,,
2022,53,2022-12-05,Octavos,Japón,Croacia,1,1,0,0,1,3
2022,54,2022-12-05,Octavos,Brasil,Corea del Sur,4,1,,,,
2022,55,2022-12-06,Octavos,Marruecos,España,0,0,0,0,3,0
2022,56,2022-12-06,Octavos,Portugal,Suiza,6,1,,,,
2022,57,2022-12-09,Cuartos,Paises Bajos,Argentina,2,2,0,0,3,4
2022,58,2022-12-09,Cuartos,Croacia,Brasil,1,1,1,1,4,2
2022,59,2022-12-10,Cuartos,Inglaterra,Francia,1,2,,,,
2022,60,2022-12-10,Cuartos,Marruecos,Portugal,1,0,,,,
2022,61,2022-12-13,Semis,Argentina,Croacia,3,0,,,,
2022,62,2022-12-14,Semis,Francia,Marruecos,2,0,,,,
2022,63,2022-12-17,3er Puesto,Croacia,Marruecos,2,1,,,,
2022,64,2022-12-18,Final,Argentina,Francia,3,3,1,1,4,2
